Workbook

Sheet Backup DB Juli 2019
B1: panjang L4 | C1: Seleksi L4 lagi | D1: Seleksi L4 | E1: Panjang | F1: ALL Kandidat L4 | G1: Kandidat L4 | H1: Kandidat L4 | I1: Panjang L2 L3 | J1: Seleksi L2 L3 lagi | K1: Seleksi L2 L3 | L1: ALL Kandidat L2,L3 | M1: Kandidat L2,L3 | N1: Kandidat L2,L3 | O1: ALL Kandidat L1 | P1: Kandidat L1 | Q1: Kandidat L1 | T1: Name | U1: In Folder | V1: Grid | W1: Type | X1: Terminal i | Y1: Terminal i | Z1: Terminal j | AA1: Terminal j | AB1: Zone | AC1: Area | AD1: Out of Service | AE1: Par.no. | AF1: Thermal Rating | AG1: Length | AH1: Derating F. | AI1: Laying | AJ1: Line Model | AK1: Type of Phase Conductors | AL1: Type of Earth Conductors | AM1: Max.Sag, Phase Conductors | AN1: Max.Sag, Ground Wires | AO1: Earth Resistivity | AP1: Transposition | AQ1: Irated(act.) | AR1: Irated | AS1: Z1 | AT1: phiz1 | AU1: R1 | AV1: X1 | AW1: R0 | AX1: X0 | AY1: Ice | AZ1: k0 | BA1: phik0 | BB1: Line Couplings
T2: Name | U2: In Folder | V2: Grid | W2: Type | X2: Terminal i | Y2: Terminal i | Z2: Terminal j | AA2: Terminal j | AB2: Zone | AC2: Area | AD2: Out of Service | AE2: Par.no. | AF2: Thermal Rating | AG2: Length | AH2: Derating F. | AI2: Laying | AJ2: Line Model | AK2: Type of Phase Conductors | AL2: Type of Earth Conductors | AM2: Max.Sag, Phase Conductors | AN2: Max.Sag, Ground Wires | AO2: Earth Resistivity | AP2: Transposition | AQ2: Irated(act.) | AR2: Irated | AS2: Z1 | AT2: phiz1 | AU2: R1 | AV2: X1 | AW2: R0 | AX2: X0 | AY2: Ice | AZ2: k0 | BA2: phik0 | BB2: Line Couplings
D3: =counta(D4:D1375) -> 3 | F3: =counta(F4:F1375) -> 4 | K3: =counta(K4:K1375) -> 3 | L3: =counta(L4:L1375) -> 4 | W3: TypLne,TypTow,TypGeo,TypCabsys | X3: Substation | Z3: Substation | AF3: IntThrating | AG3: km | AK3: TypCon | AL3: TypCon | AM3: m | AN3: m | AO3: Ohmm | AQ3: kA | AR3: kA | AS3: Ohm | AT3: deg | AU3: Ohm | AV3: Ohm | AW3: Ohm | AX3: Ohm | AY3: A | BA3: deg
A4: =COUNTA(C4:Q4)-1 -> 6 | B4: =if(C4="",,AS4) -> 1.647643 | C4: =if(and(D$3>1,E4=PROSES!$D$22),,D4) -> 1MENES-1LBUAN-1 | D4: =if(and(F$3>1,F4=PROSES!$B$22),,F4) -> 1MENES-1LBUAN-1 | E4: =if(F4="",,AS4) -> 1.647643 | F4: =if(G4=H4,,(G4&H4)) -> 1MENES-1LBUAN-1 | G4: =if(Z4=PROSES!$E$29,T4,) | H4: =if(X4=PROSES!$E$29,T4,) -> 1MENES-1LBUAN-1 | I4: =if(J4="",,AS4) | J4: =if(and(K$3>1,R4=PROSES!$C$2),,K4) | K4: =if(and(L$3>1,L4=PROSES!$B$2),,L4) | L4: =if(M4=N4,,(M4&N4)) | M4: =if(Z4=PROSES!$B$3,T4,) | N4: =if(X4=PROSES!$B$3,T4,) | O4: =P4&Q4 -> 1MENES-1LBUAN-1 | P4: =if(Z4=PROSES!$B$1,T4,) | Q4: =if(X4=PROSES!$B$1,T4,) -> 1MENES-1LBUAN-1 | R4: =X4&Z4 -> MENES5PLTU Banten 2 | T4: 1MENES-1LBUAN-1 | U4: region1 | V4: region1 | W4: OHL-150kV-TACSR 2X410mm (2730A) | X4: MENES5 | Y4: I-5 | Z4: PLTU Banten 2 | AA4: I | AD4: 0 | AE4: 1 | AG4: 6.2 | AH4: 1 | AI4: Ground | AJ4: 0 | AM4: 0 | AN4: 0 | AO4: 100 | AP4: 1 | AQ4: 2.73 | AR4: 2.73 | AS4: 1.647643 | AT4: 76.21999 | AU4: 0.39246 | AV4: 1.60022 | AW4: 1.32246 | AX4: 4.80066 | AY4: 0 | AZ4: 0.6742607 | BA4: -2.423059
A5: =COUNTA(C5:Q5)-1 -> 6 | B5: =if(C5="",,AS5) -> 1.647643 | C5: =if(and(D$3>1,E5=PROSES!$D$22),,D5) -> 1MENES-1LBUAN-2 | D5: =if(and(F$3>1,F5=PROSES!$B$10),,F5) -> 1MENES-1LBUAN-2 | E5: =if(F5="",,AS5) -> 1.647643 | F5: =if(G5=H5,,(G5&H5)) -> 1MENES-1LBUAN-2 | G5: =if(Z5=PROSES!$E$29,T5,) | H5: =if(X5=PROSES!$E$29,T5,) -> 1MENES-1LBUAN-2 | I5: =if(J5="",,AS5) | J5: =if(and($K$3>1,R5=PROSES!$C$2),,K5) | K5: =if(and($L$3>1,L5=PROSES!$B$2),,L5) | L5: =if(M5=N5,,(M5&N5)) | M5: =if(Z5=PROSES!$B$3,T5,) | N5: =if(X5=PROSES!$B$3,T5,) | O5: =P5&Q5 -> 1MENES-1LBUAN-2 | P5: =if(Z5=PROSES!$B$1,T5,) | Q5: =if(X5=PROSES!$B$1,T5,) -> 1MENES-1LBUAN-2 | R5: =X5&Z5 -> MENES5PLTU Banten 2 | T5: 1MENES-1LBUAN-2 | U5: region1 | V5: region1 | W5: OHL-150kV-TACSR 2X410mm (2730A) | X5: MENES5 | Y5: II-5 | Z5: PLTU Banten 2 | AA5: I | AD5: 0 | AE5: 1 | AG5: 6.2 | AH5: 1 | AI5: Ground | AJ5: 0 | AM5: 0 | AN5: 0 | AO5: 100 | AP5: 1 | AQ5: 2.73 | AR5: 2.73 | AS5: 1.647643 | AT5: 76.21999 | AU5: 0.39246 | AV5: 1.60022 | AW5: 1.32246 | AX5: 4.80066 | AY5: 0 | AZ5: 0.6742607 | BA5: -2.423059
A6: =COUNTA(C6:Q6)-1 -> 0 | B6: =if(C6="",,AS6) | C6: =if(and(D$3>1,E6=PROSES!$D$22),,D6) | D6: =if(and(F$3>1,F6=PROSES!$B$10),,F6) | E6: =if(F6="",,AS6) | F6: =if(G6=H6,,(G6&H6)) | G6: =if(Z6=PROSES!$E$29,T6,) | H6: =if(X6=PROSES!$E$29,T6,) | I6: =if(J6="",,AS6) | J6: =if(and($K$3>1,R6=PROSES!$C$2),,K6) | K6: =if(and($L$3>1,L6=PROSES!$B$2),,L6) | L6: =if(M6=N6,,(M6&N6)) | M6: =if(Z6=PROSES!$B$3,T6,) | N6: =if(X6=PROSES!$B$3,T6,) | O6: =P6&Q6 | P6: =if(Z6=PROSES!$B$1,T6,) | Q6: =if(X6=PROSES!$B$1,T6,) | R6: =X6&Z6 -> PLTU Banten 2SAKETI5 | T6: 1SAKETI-1LBUAN-1 | U6: region1 | V6: region1 | W6: OHL-150kV-TACSR 2X410mm (2730A) | X6: PLTU Banten 2 | Y6: I | Z6: SAKETI5 | AA6: I-5 | AD6: 0 | AE6: 1 | AG6: 20.299 | AH6: 1 | AI6: Ground | AJ6: 0 | AM6: 0 | AN6: 0 | AO6: 100 | AP6: 1 | AQ6: 2.73 | AR6: 2.73 | AS6: 5.394438 | AT6: 76.21999 | AU6: 1.284927 | AV6: 5.239172 | AW6: 4.329777 | AX6: 15.71751 | AY6: 0 | AZ6: 0.6742607 | BA6: -2.423059
A7: =COUNTA(C7:Q7)-1 -> 0 | B7: =if(C7="",,AS7) | C7: =if(and(D$3>1,E7=PROSES!$D$22),,D7) | D7: =if(and(F$3>1,F7=PROSES!$B$10),,F7) | E7: =if(F7="",,AS7) | F7: =if(G7=H7,,(G7&H7)) | G7: =if(Z7=PROSES!$E$29,T7,) | H7: =if(X7=PROSES!$E$29,T7,) | I7: =if(J7="",,AS7) | J7: =if(and($K$3>1,R7=PROSES!$C$2),,K7) | K7: =if(and($L$3>1,L7=PROSES!$B$2),,L7) | L7: =if(M7=N7,,(M7&N7)) | M7: =if(Z7=PROSES!$B$3,T7,) | N7: =if(X7=PROSES!$B$3,T7,) | O7: =P7&Q7 | P7: =if(Z7=PROSES!$B$1,T7,) | Q7: =if(X7=PROSES!$B$1,T7,) | R7: =X7&Z7 -> SAKETI5PLTU Banten 2 | T7: 1SAKETI-1LBUAN-2 | U7: region1 | V7: region1 | W7: OHL-150kV-TACSR 2X410mm (2730A) | X7: SAKETI5 | Y7: II-5 | Z7: PLTU Banten 2 | AA7: I | AD7: 0 | AE7: 1 | AG7: 20.299 | AH7: 1 | AI7: Ground | AJ7: 0 | AM7: 0 | AN7: 0 | AO7: 100 | AP7: 1 | AQ7: 2.73 | AR7: 2.73 | AS7: 5.394438 | AT7: 76.21999 | AU7: 1.284927 | AV7: 5.239172 | AW7: 4.329777 | AX7: 15.71751 | AY7: 0 | AZ7: 0.6742607 | BA7: -2.423059
A8: =COUNTA(C8:Q8)-1 -> 0 | B8: =if(C8="",,AS8) | C8: =if(and(D$3>1,E8=PROSES!$D$22),,D8) | D8: =if(and(F$3>1,F8=PROSES!$B$22),,F8) | E8: =if(F8="",,AS8) | F8: =if(G8=H8,,(G8&H8)) | G8: =if(Z8=PROSES!$E$29,T8,) | H8: =if(X8=PROSES!$E$29,T8,) | I8: =if(J8="",,AS8) | J8: =if(and($K$3>1,R8=PROSES!$C$2),,K8) | K8: =if(and($L$3>1,L8=PROSES!$B$2),,L8) | L8: =if(M8=N8,,(M8&N8)) | M8: =if(Z8=PROSES!$B$3,T8,) | N8: =if(X8=PROSES!$B$3,T8,) | O8: =P8&Q8 | P8: =if(Z8=PROSES!$B$1,T8,) | Q8: =if(X8=PROSES!$B$1,T8,) | R8: =X8&Z8 -> SPINMILLSPINMILL CONSUMER | T8: 1SPINML-CNSMR | U8: region1 | V8: region1 | W8: CAB-150kV-XLPE-CU-BRUG 1000mm (897 A) | X8: SPINMILL | Y8: 43470 | Z8: SPINMILL CONSUMER | AA8: 43470 | AD8: 0 | AE8: 1 | AG8: 3.7 | AH8: 1 | AI8: Ground | AJ8: 0 | AM8: 0 | AN8: 0 | AO8: 100 | AP8: 1 | AQ8: 0.897 | AR8: 0.897 | AS8: 0.8897078 | AT8: 67.40213 | AU8: 0.34188 | AV8: 0.8214 | AW8: 13.67631 | AX8: 0.30118 | AY8: 0 | AZ8: 4.999609 | BA8: -69.63629
A9: =COUNTA(C9:Q9)-1 -> 0 | B9: =if(C9="",,AS9) | C9: =if(and(D$3>1,E9=PROSES!$D$22),,D9) | D9: =if(and(F$3>1,F9=PROSES!$B$10),,F9) | E9: =if(F9="",,AS9) | F9: =if(G9=H9,,(G9&H9)) | G9: =if(Z9=PROSES!$E$29,T9,) | H9: =if(X9=PROSES!$E$29,T9,) | I9: =if(J9="",,AS9) | J9: =if(and($K$3>1,R9=PROSES!$C$2),,K9) | K9: =if(and($L$3>1,L9=PROSES!$B$2),,L9) | L9: =if(M9=N9,,(M9&N9)) | M9: =if(Z9=PROSES!$B$3,T9,) | N9: =if(X9=PROSES!$B$3,T9,) | O9: =P9&Q9 | P9: =if(Z9=PROSES!$B$1,T9,) | Q9: =if(X9=PROSES!$B$1,T9,) | R9: =X9&Z9 -> KESUGIHAN7ADIPALA7 | T9: ADPLA - KSGHN 1 | U9: 500kV | V9: 500kV | W9: OHL-500kV-ACSR-ZEBRA 4X484.5mm (3240A) | X9: KESUGIHAN7 | Y9: B | Z9: ADIPALA7 | AA9: B | AD9: 0 | AE9: 1 | AG9: 13.83 | AH9: 1 | AI9: Ground | AJ9: 0 | AM9: 0 | AN9: 0 | AO9: 100 | AP9: 1 | AQ9: 3.24 | AR9: 3.24 | AS9: 3.179006 | AT9: 85.0335 | AU9: 0.275217 | AV9: 3.16707 | AW9: 2.349717 | AX9: 9.501209 | AY9: 0 | AZ9: 0.6988767 | BA9: -13.16769
A10: =COUNTA(C10:Q10)-1 -> 0 | B10: =if(C10="",,AS10) | C10: =if(and(D$3>1,E10=PROSES!$D$22),,D10) | D10: =if(and(F$3>1,F10=PROSES!$B$10),,F10) | E10: =if(F10="",,AS10) | F10: =if(G10=H10,,(G10&H10)) | G10: =if(Z10=PROSES!$E$29,T10,) | H10: =if(X10=PROSES!$E$29,T10,) | I10: =if(J10="",,AS10) | J10: =if(and($K$3>1,R10=PROSES!$C$2),,K10) | K10: =if(and($L$3>1,L10=PROSES!$B$2),,L10) | L10: =if(M10=N10,,(M10&N10)) | M10: =if(Z10=PROSES!$B$3,T10,) | N10: =if(X10=PROSES!$B$3,T10,) | O10: =P10&Q10 | P10: =if(Z10=PROSES!$B$1,T10,) | Q10: =if(X10=PROSES!$B$1,T10,) | R10: =X10&Z10 -> KESUGIHAN7ADIPALA7 | T10: ADPLA - KSGHN 2 | U10: 500kV | V10: 500kV | W10: OHL-500kV-ACSR-ZEBRA 4X484.5mm (3240A) | X10: KESUGIHAN7 | Y10: B | Z10: ADIPALA7 | AA10: B | AD10: 0 | AE10: 1 | AG10: 13.83 | AH10: 1 | AI10: Ground | AJ10: 0 | AM10: 0 | AN10: 0 | AO10: 100 | AP10: 1 | AQ10: 3.24 | AR10: 3.24 | AS10: 3.179006 | AT10: 85.0335 | AU10: 0.275217 | AV10: 3.16707 | AW10: 2.349717 | AX10: 9.501209 | AY10: 0 | AZ10: 0.6988767 | BA10: -13.16769
A11: =COUNTA(C11:Q11)-1 -> 0 | B11: =if(C11="",,AS11) | C11: =if(and(D$3>1,E11=PROSES!$D$22),,D11) | D11: =if(and(F$3>1,F11=PROSES!$B$10),,F11) | E11: =if(F11="",,AS11) | F11: =if(G11=H11,,(G11&H11)) | G11: =if(Z11=PROSES!$E$29,T11,) | H11: =if(X11=PROSES!$E$29,T11,) | I11: =if(J11="",,AS11) | J11: =if(and($K$3>1,R11=PROSES!$C$2),,K11) | K11: =if(and($L$3>1,L11=PROSES!$B$2),,L11) | L11: =if(M11=N11,,(M11&N11)) | M11: =if(Z11=PROSES!$B$3,T11,) | N11: =if(X11=PROSES!$B$3,T11,) | O11: =P11&Q11 | P11: =if(Z11=PROSES!$B$1,T11,) | Q11: =if(X11=PROSES!$B$1,T11,) | R11: =X11&Z11 -> ALTA PRIMA5SURABAYA BARAT5 | T11: ALTAP-SBBRT 1 | U11: region4 | V11: region4 | W11: OHL-150kV-ACSR AW 2x340 mm2 (1480A) | X11: ALTA PRIMA5 | Y11: 5-I | Z11: SURABAYA BARAT5 | AA11: 5-I | AD11: 0 | AE11: 1 | AG11: 18.849 | AH11: 1 | AI11: Ground | AJ11: 0 | AM11: 0 | AN11: 0 | AO11: 100 | AP11: 1 | AQ11: 1.48 | AR11: 1.48 | AS11: 3.71445 | AT11: 75.63232 | AU11: 0.9217162 | AV11: 3.598274 | AW11: 3.162862 | AX11: 11.58177 | AY11: 0 | AZ11: 0.7441298 | BA11: -1.31295
A12: =COUNTA(C12:Q12)-1 -> 0 | B12: =if(C12="",,AS12) | C12: =if(and(D$3>1,E12=PROSES!$D$22),,D12) | D12: =if(and(F$3>1,F12=PROSES!$B$10),,F12) | E12: =if(F12="",,AS12) | F12: =if(G12=H12,,(G12&H12)) | G12: =if(Z12=PROSES!$E$29,T12,) | H12: =if(X12=PROSES!$E$29,T12,) | I12: =if(J12="",,AS12) | J12: =if(and($K$3>1,R12=PROSES!$C$2),,K12) | K12: =if(and($L$3>1,L12=PROSES!$B$2),,L12) | L12: =if(M12=N12,,(M12&N12)) | M12: =if(Z12=PROSES!$B$3,T12,) | N12: =if(X12=PROSES!$B$3,T12,) | O12: =P12&Q12 | P12: =if(Z12=PROSES!$B$1,T12,) | Q12: =if(X12=PROSES!$B$1,T12,) | R12: =X12&Z12 -> ALTA PRIMA5SURABAYA BARAT5 | T12: ALTAP-SBBRT 2 | U12: region4 | V12: region4 | W12: OHL-150kV-ACSR AW 2x340 mm2 (1480A) | X12: ALTA PRIMA5 | Y12: 5-II | Z12: SURABAYA BARAT5 | AA12: 5-I | AD12: 0 | AE12: 1 | AG12: 18.849 | AH12: 1 | AI12: Ground | AJ12: 0 | AM12: 0 | AN12: 0 | AO12: 100 | AP12: 1 | AQ12: 1.48 | AR12: 1.48 | AS12: 3.71445 | AT12: 75.63232 | AU12: 0.9217162 | AV12: 3.598274 | AW12: 3.162862 | AX12: 11.58177 | AY12: 0 | AZ12: 0.7441298 | BA12: -1.31295
A13: =COUNTA(C13:Q13)-1 -> 0 | B13: =if(C13="",,AS13) | C13: =if(and(D$3>1,E13=PROSES!$D$22),,D13) | D13: =if(and(F$3>1,F13=PROSES!$B$10),,F13) | E13: =if(F13="",,AS13) | F13: =if(G13=H13,,(G13&H13)) | G13: =if(Z13=PROSES!$E$29,T13,) | H13: =if(X13=PROSES!$E$29,T13,) | I13: =if(J13="",,AS13) | J13: =if(and($K$3>1,R13=PROSES!$C$2),,K13) | K13: =if(and($L$3>1,L13=PROSES!$B$2),,L13) | L13: =if(M13=N13,,(M13&N13)) | M13: =if(Z13=PROSES!$B$3,T13,) | N13: =if(X13=PROSES!$B$3,T13,) | O13: =P13&Q13 | P13: =if(Z13=PROSES!$B$1,T13,) | Q13: =if(X13=PROSES!$B$1,T13,) | R13: =X13&Z13 -> ANCOLKEMAYORAN | T13: ANCOL-KMYRN -1 | U13: region1 | V13: region1 | W13: OHL-150kV-ZEBRA 2X484.5mm (1620A) | X13: ANCOL | Y13: II-5 | Z13: KEMAYORAN | AA13: I-5 | AD13: 0 | AE13: 1 | AG13: 6.2 | AH13: 1 | AI13: Ground | AJ13: 0 | AM13: 0 | AN13: 0 | AO13: 100 | AP13: 1 | AQ13: 1.62 | AR13: 1.62 | AS13: 1.756802 | AT13: 82.15014 | AU13: 0.23994 | AV13: 1.74034 | AW13: 1.16994 | AX13: 5.22102 | AY13: 0 | AZ13: 0.683587 | BA13: -7.109503
A14: =COUNTA(C14:Q14)-1 -> 0 | B14: =if(C14="",,AS14) | C14: =if(and(D$3>1,E14=PROSES!$D$22),,D14) | D14: =if(and(F$3>1,F14=PROSES!$B$10),,F14) | E14: =if(F14="",,AS14) | F14: =if(G14=H14,,(G14&H14)) | G14: =if(Z14=PROSES!$E$29,T14,) | H14: =if(X14=PROSES!$E$29,T14,) | I14: =if(J14="",,AS14) | J14: =if(and($K$3>1,R14=PROSES!$C$2),,K14) | K14: =if(and($L$3>1,L14=PROSES!$B$2),,L14) | L14: =if(M14=N14,,(M14&N14)) | M14: =if(Z14=PROSES!$B$3,T14,) | N14: =if(X14=PROSES!$B$3,T14,) | O14: =P14&Q14 | P14: =if(Z14=PROSES!$B$1,T14,) | Q14: =if(X14=PROSES!$B$1,T14,) | R14: =X14&Z14 -> ANCOLKEMAYORAN | T14: ANCOL-KMYRN -2 | U14: region1 | V14: region1 | W14: OHL-150kV-ZEBRA 2X484.5mm (1620A) | X14: ANCOL | Y14: II-5 | Z14: KEMAYORAN | AA14: II-5 | AD14: 0 | AE14: 1 | AG14: 6.2 | AH14: 1 | AI14: Ground | AJ14: 0 | AM14: 0 | AN14: 0 | AO14: 100 | AP14: 1 | AQ14: 1.62 | AR14: 1.62 | AS14: 1.756802 | AT14: 82.15014 | AU14: 0.23994 | AV14: 1.74034 | AW14: 1.16994 | AX14: 5.22102 | AY14: 0 | AZ14: 0.683587 | BA14: -7.109503
A15: =COUNTA(C15:Q15)-1 -> 0 | B15: =if(C15="",,AS15) | C15: =if(and(D$3>1,E15=PROSES!$D$22),,D15) | D15: =if(and(F$3>1,F15=PROSES!$B$10),,F15) | E15: =if(F15="",,AS15) | F15: =if(G15=H15,,(G15&H15)) | G15: =if(Z15=PROSES!$E$29,T15,) | H15: =if(X15=PROSES!$E$29,T15,) | I15: =if(J15="",,AS15) | J15: =if(and($K$3>1,R15=PROSES!$C$2),,K15) | K15: =if(and($L$3>1,L15=PROSES!$B$2),,L15) | L15: =if(M15=N15,,(M15&N15)) | M15: =if(Z15=PROSES!$B$3,T15,) | N15: =if(X15=PROSES!$B$3,T15,) | O15: =P15&Q15 | P15: =if(Z15=PROSES!$B$1,T15,) | Q15: =if(X15=PROSES!$B$1,T15,) | R15: =X15&Z15 -> ANGKEANCOL | T15: ANGKE-ANCOL -1 | U15: region1 | V15: region1 | W15: OHL-150kV-ACCC-WARSAW 510mm (1714 A) | X15: ANGKE | Y15: II-5 | Z15: ANCOL | AA15: II-5 | AD15: 0 | AE15: 1 | AG15: 4.6 | AH15: 1 | AI15: Ground | AJ15: 0 | AM15: 0 | AN15: 0 | AO15: 100 | AP15: 1 | AQ15: 1.473 | AR15: 1.473 | AS15: 1.232494 | AT15: 70.06567 | AU15: 0.42021 | AV15: 1.158648 | AW15: 1.1086 | AX15: 3.47484 | AY15: 0 | AZ15: 0.6535055 | BA15: 3.381974
A16: =COUNTA(C16:Q16)-1 -> 0 | B16: =if(C16="",,AS16) | C16: =if(and(D$3>1,E16=PROSES!$D$22),,D16) | D16: =if(and(F$3>1,F16=PROSES!$B$10),,F16) | E16: =if(F16="",,AS16) | F16: =if(G16=H16,,(G16&H16)) | G16: =if(Z16=PROSES!$E$29,T16,) | H16: =if(X16=PROSES!$E$29,T16,) | I16: =if(J16="",,AS16) | J16: =if(and($K$3>1,R16=PROSES!$C$2),,K16) | K16: =if(and($L$3>1,L16=PROSES!$B$2),,L16) | L16: =if(M16=N16,,(M16&N16)) | M16: =if(Z16=PROSES!$B$3,T16,) | N16: =if(X16=PROSES!$B$3,T16,) | O16: =P16&Q16 | P16: =if(Z16=PROSES!$B$1,T16,) | Q16: =if(X16=PROSES!$B$1,T16,) | R16: =X16&Z16 -> ANGKEANCOL | T16: ANGKE-ANCOL -2 | U16: region1 | V16: region1 | W16: OHL-150kV-ACCC-WARSAW 510mm (1714 A) | X16: ANGKE | Y16: II-5 | Z16: ANCOL | AA16: II-5 | AD16: 0 | AE16: 1 | AG16: 4.6 | AH16: 1 | AI16: Ground | AJ16: 0 | AM16: 0 | AN16: 0 | AO16: 100 | AP16: 1 | AQ16: 1.473 | AR16: 1.473 | AS16: 1.232494 | AT16: 70.06567 | AU16: 0.42021 | AV16: 1.158648 | AW16: 1.1086 | AX16: 3.47484 | AY16: 0 | AZ16: 0.6535055 | BA16: 3.381974
A17: =COUNTA(C17:Q17)-1 -> 0 | B17: =if(C17="",,AS17) | C17: =if(and(D$3>1,E17=PROSES!$D$22),,D17) | D17: =if(and(F$3>1,F17=PROSES!$B$10),,F17) | E17: =if(F17="",,AS17) | F17: =if(G17=H17,,(G17&H17)) | G17: =if(Z17=PROSES!$E$29,T17,) | H17: =if(X17=PROSES!$E$29,T17,) | I17: =if(J17="",,AS17) | J17: =if(and($K$3>1,R17=PROSES!$C$2),,K17) | K17: =if(and($L$3>1,L17=PROSES!$B$2),,L17) | L17: =if(M17=N17,,(M17&N17)) | M17: =if(Z17=PROSES!$B$3,T17,) | N17: =if(X17=PROSES!$B$3,T17,) | O17: =P17&Q17 | P17: =if(Z17=PROSES!$B$1,T17,) | Q17: =if(X17=PROSES!$B$1,T17,) | R17: =X17&Z17 -> ANGKEKARET | T17: ANGKE-KRLMA-1 | U17: region1 | V17: region1 | W17: OHL-150kV-TACSR 410mm (1200A) (HA222) | X17: ANGKE | Y17: I-5 | Z17: KARET | AA17: I-5 | AD17: 0 | AE17: 1 | AG17: 7.9 | AH17: 1 | AI17: Ground | AJ17: 0 | AM17: 0 | AN17: 0 | AO17: 100 | AP17: 1 | AQ17: 1.2 | AR17: 1.2 | AS17: 1.703774 | AT17: 71.48104 | AU17: 0.54115 | AV17: 1.61555 | AW17: 1.72615 | AX17: 4.84665 | AY17: 0 | AZ17: 0.673318 | BA17: -1.621461
A18: =COUNTA(C18:Q18)-1 -> 0 | B18: =if(C18="",,AS18) | C18: =if(and(D$3>1,E18=PROSES!$D$22),,D18) | D18: =if(and(F$3>1,F18=PROSES!$B$10),,F18) | E18: =if(F18="",,AS18) | F18: =if(G18=H18,,(G18&H18)) | G18: =if(Z18=PROSES!$E$29,T18,) | H18: =if(X18=PROSES!$E$29,T18,) | I18: =if(J18="",,AS18) | J18: =if(and($K$3>1,R18=PROSES!$C$2),,K18) | K18: =if(and($L$3>1,L18=PROSES!$B$2),,L18) | L18: =if(M18=N18,,(M18&N18)) | M18: =if(Z18=PROSES!$B$3,T18,) | N18: =if(X18=PROSES!$B$3,T18,) | O18: =P18&Q18 | P18: =if(Z18=PROSES!$B$1,T18,) | Q18: =if(X18=PROSES!$B$1,T18,) | R18: =X18&Z18 -> ANGKEKARET | T18: ANGKE-KRLMA-2 | U18: region1 | V18: region1 | W18: OHL-150kV-TACSR 410mm (1200A) (HA222) | X18: ANGKE | Y18: I-5 | Z18: KARET | AA18: I-5 | AD18: 0 | AE18: 1 | AG18: 7.9 | AH18: 1 | AI18: Ground | AJ18: 0 | AM18: 0 | AN18: 0 | AO18: 100 | AP18: 1 | AQ18: 1.2 | AR18: 1.2 | AS18: 1.703774 | AT18: 71.48104 | AU18: 0.54115 | AV18: 1.61555 | AW18: 1.72615 | AX18: 4.84665 | AY18: 0 | AZ18: 0.673318 | BA18: -1.621461
A19: =COUNTA(C19:Q19)-1 -> 0 | B19: =if(C19="",,AS19) | C19: =if(and(D$3>1,E19=PROSES!$D$22),,D19) | D19: =if(and(F$3>1,F19=PROSES!$B$10),,F19) | E19: =if(F19="",,AS19) | F19: =if(G19=H19,,(G19&H19)) | G19: =if(Z19=PROSES!$E$29,T19,) | H19: =if(X19=PROSES!$E$29,T19,) | I19: =if(J19="",,AS19) | J19: =if(and($K$3>1,R19=PROSES!$C$2),,K19) | K19: =if(and($L$3>1,L19=PROSES!$B$2),,L19) | L19: =if(M19=N19,,(M19&N19)) | M19: =if(Z19=PROSES!$B$3,T19,) | N19: =if(X19=PROSES!$B$3,T19,) | O19: =P19&Q19 | P19: =if(Z19=PROSES!$B$1,T19,) | Q19: =if(X19=PROSES!$B$1,T19,) | R19: =X19&Z19 -> ANGKEKETAPANG | T19: ANGKE-KTPNG-1 | U19: region1 | V19: region1 | W19: CAB-150kV-CU 240mm (550A) | X19: ANGKE | Y19: II-5 | Z19: KETAPANG | AA19: I-5 | AD19: 0 | AE19: 1 | AG19: 5.5 | AH19: 1 | AI19: Ground | AJ19: 0 | AM19: 0 | AN19: 0 | AO19: 100 | AP19: 1 | AQ19: 0.55 | AR19: 0.55 | AS19: 0.8695046 | AT19: 56.61149 | AU19: 0.4785 | AV19: 0.726 | AW19: 1.3035 | AX19: 2.178 | AY19: 0 | AZ19: 0.6402146 | BA19: 3.784061
A20: =COUNTA(C20:Q20)-1 -> 0 | B20: =if(C20="",,AS20) | C20: =if(and(D$3>1,E20=PROSES!$D$22),,D20) | D20: =if(and(F$3>1,F20=PROSES!$B$10),,F20) | E20: =if(F20="",,AS20) | F20: =if(G20=H20,,(G20&H20)) | G20: =if(Z20=PROSES!$E$29,T20,) | H20: =if(X20=PROSES!$E$29,T20,) | I20: =if(J20="",,AS20) | J20: =if(and($K$3>1,R20=PROSES!$C$2),,K20) | K20: =if(and($L$3>1,L20=PROSES!$B$2),,L20) | L20: =if(M20=N20,,(M20&N20)) | M20: =if(Z20=PROSES!$B$3,T20,) | N20: =if(X20=PROSES!$B$3,T20,) | O20: =P20&Q20 | P20: =if(Z20=PROSES!$B$1,T20,) | Q20: =if(X20=PROSES!$B$1,T20,) | R20: =X20&Z20 -> ANGKEKETAPANG | T20: ANGKE-KTPNG-2 | U20: region1 | V20: region1 | W20: CAB-150kV-CU 240mm (550A) | X20: ANGKE | Y20: II-5 | Z20: KETAPANG | AA20: I-5 | AD20: 0 | AE20: 1 | AG20: 5.5 | AH20: 1 | AI20: Ground | AJ20: 0 | AM20: 0 | AN20: 0 | AO20: 100 | AP20: 1 | AQ20: 0.55 | AR20: 0.55 | AS20: 0.8695046 | AT20: 56.61149 | AU20: 0.4785 | AV20: 0.726 | AW20: 1.3035 | AX20: 2.178 | AY20: 0 | AZ20: 0.6402146 | BA20: 3.784061
... A39: =COUNTA(C39:Q39)-1 -> 0 | B39: =if(C39="",,AS39) | C39: =if(and(D$3>1,E39=PROSES!$D$22),,D39) | D39: =if(and(F$3>1,F39=PROSES!$B$10),,F39) | E39: =if(F39="",,AS39) | F39: =if(G39=H39,,(G39&H39)) | G39: =if(Z39=PROSES!$E$29,T39,) | H39: =if(X39=PROSES!$E$29,T39,) | I39: =if(J39="",,AS39) | J39: =if(and($K$3>1,R39=PROSES!$C$2),,K39) | K39: =if(and($L$3>1,L39=PROSES!$B$2),,L39) | L39: =if(M39=N39,,(M39&N39)) | M39: =if(Z39=PROSES!$B$3,T39,) | N39: =if(X39=PROSES!$B$3,T39,) | O39: =P39&Q39 | P39: =if(Z39=PROSES!$B$1,T39,) | Q39: =if(X39=PROSES!$B$1,T39,) | R39: =X39&Z39 -> ASAHIMAS PWR PLANTASAHIMAS MRS | T39: ASHPP-ASMRS2 | U39: region1 | V39: region1 | W39: CAB-150kV-XLPE-CU 1400mm (1300A) | X39: ASAHIMAS PWR PLANT | Y39: II-5 | Z39: ASAHIMAS MRS | AA39: II-5 | AD39: 1 | AE39: 1 | AG39: 1.2 | AH39: 1 | AI39: Ground | AJ39: 0 | AM39: 0 | AN39: 0 | AO39: 100 | AP39: 1 | AQ39: 1.3 | AR39: 1.3 | AS39: 0.3051929 | AT39: 87.0926 | AU39: 0.01548 | AV39: 0.3048 | AW39: 0.19548 | AX39: 0.9144 | AY39: 0 | AZ39: 0.6942272 | BA39: -13.54318
A40: =COUNTA(C40:Q40)-1 -> 0 | B40: =if(C40="",,AS40) | C40: =if(and(D$3>1,E40=PROSES!$D$22),,D40) | D40: =if(and(F$3>1,F40=PROSES!$B$10),,F40) | E40: =if(F40="",,AS40) | F40: =if(G40=H40,,(G40&H40)) | G40: =if(Z40=PROSES!$E$29,T40,) | H40: =if(X40=PROSES!$E$29,T40,) | I40: =if(J40="",,AS40) | J40: =if(and($K$3>1,R40=PROSES!$C$2),,K40) | K40: =if(and($L$3>1,L40=PROSES!$B$2),,L40) | L40: =if(M40=N40,,(M40&N40)) | M40: =if(Z40=PROSES!$B$3,T40,) | N40: =if(X40=PROSES!$B$3,T40,) | O40: =P40&Q40 | P40: =if(Z40=PROSES!$B$1,T40,) | Q40: =if(X40=PROSES!$B$1,T40,) | R40: =X40&Z40 -> TANJUNG AWAR - AWARBABAT5 | T40: BABAT - T AWAR 1 | U40: region4 | V40: region4 | W40: OHL-150kV-TACSR 2X410/67mm2(2730A) | X40: TANJUNG AWAR - AWAR | Y40: 2 | Z40: BABAT5 | AA40: 5-I | AD40: 0 | AE40: 1 | AG40: 42.37 | AH40: 1 | AI40: Ground | AJ40: 0 | AM40: 0 | AN40: 0 | AO40: 100 | AP40: 1 | AQ40: 2.73 | AR40: 2.73 | AS40: 11.93037 | AT40: 82.244 | AU40: 1.61006 | AV40: 11.82123 | AW40: 7.11816 | AX40: 34.29851 | AY40: 0 | AZ40: 0.6465942 | BA40: -6.013103
A41: =COUNTA(C41:Q41)-1 -> 0 | B41: =if(C41="",,AS41) | C41: =if(and(D$3>1,E41=PROSES!$D$22),,D41) | D41: =if(and(F$3>1,F41=PROSES!$B$10),,F41) | E41: =if(F41="",,AS41) | F41: =if(G41=H41,,(G41&H41)) | G41: =if(Z41=PROSES!$E$29,T41,) | H41: =if(X41=PROSES!$E$29,T41,) | I41: =if(J41="",,AS41) | J41: =if(and($K$3>1,R41=PROSES!$C$2),,K41) | K41: =if(and($L$3>1,L41=PROSES!$B$2),,L41) | L41: =if(M41=N41,,(M41&N41)) | M41: =if(Z41=PROSES!$B$3,T41,) | N41: =if(X41=PROSES!$B$3,T41,) | O41: =P41&Q41 | P41: =if(Z41=PROSES!$B$1,T41,) | Q41: =if(X41=PROSES!$B$1,T41,) | R41: =X41&Z41 -> TANJUNG AWAR - AWARBABAT5 | T41: BABAT - T AWAR 2 | U41: region4 | V41: region4 | W41: OHL-150kV-TACSR 2X410/67mm2(2730A) | X41: TANJUNG AWAR - AWAR | Y41: 1 | Z41: BABAT5 | AA41: 5-II | AD41: 0 | AE41: 1 | AG41: 42.37 | AH41: 1 | AI41: Ground | AJ41: 0 | AM41: 0 | AN41: 0 | AO41: 100 | AP41: 1 | AQ41: 2.73 | AR41: 2.73 | AS41: 11.93037 | AT41: 82.244 | AU41: 1.61006 | AV41: 11.82123 | AW41: 7.11816 | AX41: 34.29851 | AY41: 0 | AZ41: 0.6465942 | BA41: -6.013103
A42: =COUNTA(C42:Q42)-1 -> 0 | B42: =if(C42="",,AS42) | C42: =if(and(D$3>1,E42=PROSES!$D$22),,D42) | D42: =if(and(F$3>1,F42=PROSES!$B$10),,F42) | E42: =if(F42="",,AS42) | F42: =if(G42=H42,,(G42&H42)) | G42: =if(Z42=PROSES!$E$29,T42,) | H42: =if(X42=PROSES!$E$29,T42,) | I42: =if(J42="",,AS42) | J42: =if(and($K$3>1,R42=PROSES!$C$2),,K42) | K42: =if(and($L$3>1,L42=PROSES!$B$2),,L42) | L42: =if(M42=N42,,(M42&N42)) | M42: =if(Z42=PROSES!$B$3,T42,) | N42: =if(X42=PROSES!$B$3,T42,) | O42: =P42&Q42 | P42: =if(Z42=PROSES!$B$1,T42,) | Q42: =if(X42=PROSES!$B$1,T42,) | R42: =X42&Z42 -> BABAT5BOJONEGORO5 | T42: BABAT-BJGRO 1 | U42: region4 | V42: region4 | W42: OHL-150kV-Hawk 240mm (645A) | X42: BABAT5 | Y42: 5-II | Z42: BOJONEGORO5 | AA42: 5-I | AD42: 0 | AE42: 1 | AG42: 35.3 | AH42: 1 | AI42: Ground | AJ42: 0 | AM42: 0 | AN42: 0 | AO42: 100 | AP42: 1 | AQ42: 0.645 | AR42: 0.645 | AS42: 14.82508 | AT42: 70.96105 | AU42: 4.8361 | AV42: 14.0141 | AW42: 10.1311 | AX42: 42.0423 | AY42: 0 | AZ42: 0.6413451 | BA42: 8.340887
A43: =COUNTA(C43:Q43)-1 -> 0 | B43: =if(C43="",,AS43) | C43: =if(and(D$3>1,E43=PROSES!$D$22),,D43) | D43: =if(and(F$3>1,F43=PROSES!$B$10),,F43) | E43: =if(F43="",,AS43) | F43: =if(G43=H43,,(G43&H43)) | G43: =if(Z43=PROSES!$E$29,T43,) | H43: =if(X43=PROSES!$E$29,T43,) | I43: =if(J43="",,AS43) | J43: =if(and($K$3>1,R43=PROSES!$C$2),,K43) | K43: =if(and($L$3>1,L43=PROSES!$B$2),,L43) | L43: =if(M43=N43,,(M43&N43)) | M43: =if(Z43=PROSES!$B$3,T43,) | N43: =if(X43=PROSES!$B$3,T43,) | O43: =P43&Q43 | P43: =if(Z43=PROSES!$B$1,T43,) | Q43: =if(X43=PROSES!$B$1,T43,) | R43: =X43&Z43 -> BABAT5BOJONEGORO5 | T43: BABAT-BJGRO 2 | U43: region4 | V43: region4 | W43: OHL-150kV-Hawk 240mm (645A) | X43: BABAT5 | Y43: 5-II | Z43: BOJONEGORO5 | AA43: 5-I | AD43: 0 | AE43: 1 | AG43: 35.3 | AH43: 1 | AI43: Ground | AJ43: 0 | AM43: 0 | AN43: 0 | AO43: 100 | AP43: 1 | AQ43: 0.645 | AR43: 0.645 | AS43: 14.82508 | AT43: 70.96105 | AU43: 4.8361 | AV43: 14.0141 | AW43: 10.1311 | AX43: 42.0423 | AY43: 0 | AZ43: 0.6413451 | BA43: 8.340887
A44: =COUNTA(C44:Q44)-1 -> 0 | B44: =if(C44="",,AS44) | C44: =if(and(D$3>1,E44=PROSES!$D$22),,D44) | D44: =if(and(F$3>1,F44=PROSES!$B$10),,F44) | E44: =if(F44="",,AS44) | F44: =if(G44=H44,,(G44&H44)) | G44: =if(Z44=PROSES!$E$29,T44,) | H44: =if(X44=PROSES!$E$29,T44,) | I44: =if(J44="",,AS44) | J44: =if(and($K$3>1,R44=PROSES!$C$2),,K44) | K44: =if(and($L$3>1,L44=PROSES!$B$2),,L44) | L44: =if(M44=N44,,(M44&N44)) | M44: =if(Z44=PROSES!$B$3,T44,) | N44: =if(X44=PROSES!$B$3,T44,) | O44: =P44&Q44 | P44: =if(Z44=PROSES!$B$1,T44,) | Q44: =if(X44=PROSES!$B$1,T44,) | R44: =X44&Z44 -> BALARAJASUVARNA SUTERA | T44: BALARAJA-SUVARNA 1 | U44: region1 | V44: region1 | W44: OHL-150kV-ZEBRA 4X428.9 mm (3000A) | X44: BALARAJA | Y44: I-5 | Z44: SUVARNA SUTERA | AA44: 43470 | AD44: 0 | AE44: 1 | AG44: 5.4 | AH44: 1 | AI44: Ground | AJ44: 0 | AM44: 0 | AN44: 0 | AO44: 100 | AP44: 1 | AQ44: 3 | AR44: 3 | AS44: 1.447933 | AT44: 85.75453 | AU44: 0.10719 | AV44: 1.44396 | AW44: 0.9171901 | AX44: 4.33188 | AY44: 0 | AZ44: 0.6904932 | BA44: -11.4222
A45: =COUNTA(C45:Q45)-1 -> 0 | B45: =if(C45="",,AS45) | C45: =if(and(D$3>1,E45=PROSES!$D$22),,D45) | D45: =if(and(F$3>1,F45=PROSES!$B$10),,F45) | E45: =if(F45="",,AS45) | F45: =if(G45=H45,,(G45&H45)) | G45: =if(Z45=PROSES!$E$29,T45,) | H45: =if(X45=PROSES!$E$29,T45,) | I45: =if(J45="",,AS45) | J45: =if(and($K$3>1,R45=PROSES!$C$2),,K45) | K45: =if(and($L$3>1,L45=PROSES!$B$2),,L45) | L45: =if(M45=N45,,(M45&N45)) | M45: =if(Z45=PROSES!$B$3,T45,) | N45: =if(X45=PROSES!$B$3,T45,) | O45: =P45&Q45 | P45: =if(Z45=PROSES!$B$1,T45,) | Q45: =if(X45=PROSES!$B$1,T45,) | R45: =X45&Z45 -> BALARAJASUVARNA SUTERA | T45: BALARAJA-SUVARNA 2 | U45: region1 | V45: region1 | W45: OHL-150kV-ZEBRA 4X428.9 mm (3000A) | X45: BALARAJA | Y45: I-5 | Z45: SUVARNA SUTERA | AA45: 43501 | AD45: 0 | AE45: 1 | AG45: 5.4 | AH45: 1 | AI45: Ground | AJ45: 0 | AM45: 0 | AN45: 0 | AO45: 100 | AP45: 1 | AQ45: 3 | AR45: 3 | AS45: 1.447933 | AT45: 85.75453 | AU45: 0.10719 | AV45: 1.44396 | AW45: 0.9171901 | AX45: 4.33188 | AY45: 0 | AZ45: 0.6904932 | BA45: -11.4222
A46: =COUNTA(C46:Q46)-1 -> 0 | B46: =if(C46="",,AS46) | C46: =if(and(D$3>1,E46=PROSES!$D$22),,D46) | D46: =if(and(F$3>1,F46=PROSES!$B$10),,F46) | E46: =if(F46="",,AS46) | F46: =if(G46=H46,,(G46&H46)) | G46: =if(Z46=PROSES!$E$29,T46,) | H46: =if(X46=PROSES!$E$29,T46,) | I46: =if(J46="",,AS46) | J46: =if(and($K$3>1,R46=PROSES!$C$2),,K46) | K46: =if(and($L$3>1,L46=PROSES!$B$2),,L46) | L46: =if(M46=N46,,(M46&N46)) | M46: =if(Z46=PROSES!$B$3,T46,) | N46: =if(X46=PROSES!$B$3,T46,) | O46: =P46&Q46 | P46: =if(Z46=PROSES!$B$1,T46,) | Q46: =if(X46=PROSES!$B$1,T46,) | R46: =X46&Z46 -> BANGKALAN5SAMPANG5 | T46: BANGKALAN - SAMPANG 1 | U46: region4 | V46: region4 | W46: OHL-150kV-HAWK 1x240(645A) | X46: BANGKALAN5 | Y46: 5-I | Z46: SAMPANG5 | AA46: 5-I | AD46: 0 | AE46: 1 | AG46: 55.369 | AH46: 1 | AI46: Ground | AJ46: 0 | AM46: 0 | AN46: 0 | AO46: 100 | AP46: 1 | AQ46: 0.645 | AR46: 0.645 | AS46: 23.25353 | AT46: 70.96105 | AU46: 7.585553 | AV46: 21.98149 | AW46: 15.8909 | AX46: 65.94448 | AY46: 0 | AZ46: 0.6413451 | BA46: 8.340887
A47: =COUNTA(C47:Q47)-1 -> 0 | B47: =if(C47="",,AS47) | C47: =if(and(D$3>1,E47=PROSES!$D$22),,D47) | D47: =if(and(F$3>1,F47=PROSES!$B$10),,F47) | E47: =if(F47="",,AS47) | F47: =if(G47=H47,,(G47&H47)) | G47: =if(Z47=PROSES!$E$29,T47,) | H47: =if(X47=PROSES!$E$29,T47,) | I47: =if(J47="",,AS47) | J47: =if(and($K$3>1,R47=PROSES!$C$2),,K47) | K47: =if(and($L$3>1,L47=PROSES!$B$2),,L47) | L47: =if(M47=N47,,(M47&N47)) | M47: =if(Z47=PROSES!$B$3,T47,) | N47: =if(X47=PROSES!$B$3,T47,) | O47: =P47&Q47 | P47: =if(Z47=PROSES!$B$1,T47,) | Q47: =if(X47=PROSES!$B$1,T47,) | R47: =X47&Z47 -> BANGKALAN5SAMPANG5 | T47: BANGKALAN - SAMPANG 2 | U47: region4 | V47: region4 | W47: OHL-150kV-HAWK 1x240(645A) | X47: BANGKALAN5 | Y47: 5-II | Z47: SAMPANG5 | AA47: 5-II | AD47: 0 | AE47: 1 | AG47: 55.369 | AH47: 1 | AI47: Ground | AJ47: 0 | AM47: 0 | AN47: 0 | AO47: 100 | AP47: 1 | AQ47: 0.645 | AR47: 0.645 | AS47: 23.25353 | AT47: 70.96105 | AU47: 7.585553 | AV47: 21.98149 | AW47: 15.8909 | AX47: 65.94448 | AY47: 0 | AZ47: 0.6413451 | BA47: 8.340887
A48: =COUNTA(C48:Q48)-1 -> 0 | B48: =if(C48="",,AS48) | C48: =if(and(D$3>1,E48=PROSES!$D$22),,D48) | D48: =if(and(F$3>1,F48=PROSES!$B$10),,F48) | E48: =if(F48="",,AS48) | F48: =if(G48=H48,,(G48&H48)) | G48: =if(Z48=PROSES!$E$29,T48,) | H48: =if(X48=PROSES!$E$29,T48,) | I48: =if(J48="",,AS48) | J48: =if(and($K$3>1,R48=PROSES!$C$2),,K48) | K48: =if(and($L$3>1,L48=PROSES!$B$2),,L48) | L48: =if(M48=N48,,(M48&N48)) | M48: =if(Z48=PROSES!$B$3,T48,) | N48: =if(X48=PROSES!$B$3,T48,) | O48: =P48&Q48 | P48: =if(Z48=PROSES!$B$1,T48,) | Q48: =if(X48=PROSES!$B$1,T48,) | R48: =X48&Z48 -> BANJAR5MAJENANG | T48: BANJAR-MAJENANG1 | U48: 500kV | V48: 500kV | W48: OHL-150kV-HAWK 1x281.1mm (580A) | X48: BANJAR5 | Y48: 5-I | Z48: MAJENANG | AA48: 1 | AD48: 0 | AE48: 1 | AG48: 22.88 | AH48: 1 | AI48: Ground | AJ48: 0 | AM48: 0 | AN48: 0 | AO48: 100 | AP48: 1 | AQ48: 0.58 | AR48: 0.58 | AS48: 9.600349 | AT48: 70.94324 | AU48: 3.13456 | AV48: 9.074208 | AW48: 6.56656 | AX48: 27.22262 | AY48: 0 | AZ48: 0.6412987 | BA48: 8.348166
A49: =COUNTA(C49:Q49)-1 -> 0 | B49: =if(C49="",,AS49) | C49: =if(and(D$3>1,E49=PROSES!$D$22),,D49) | D49: =if(and(F$3>1,F49=PROSES!$B$10),,F49) | E49: =if(F49="",,AS49) | F49: =if(G49=H49,,(G49&H49)) | G49: =if(Z49=PROSES!$E$29,T49,) | H49: =if(X49=PROSES!$E$29,T49,) | I49: =if(J49="",,AS49) | J49: =if(and($K$3>1,R49=PROSES!$C$2),,K49) | K49: =if(and($L$3>1,L49=PROSES!$B$2),,L49) | L49: =if(M49=N49,,(M49&N49)) | M49: =if(Z49=PROSES!$B$3,T49,) | N49: =if(X49=PROSES!$B$3,T49,) | O49: =P49&Q49 | P49: =if(Z49=PROSES!$B$1,T49,) | Q49: =if(X49=PROSES!$B$1,T49,) | R49: =X49&Z49 -> BANJAR5MAJENANG | T49: BANJAR-MAJENANG2 | U49: 500kV | V49: 500kV | W49: OHL-150kV-HAWK 1x281.1mm (580A) | X49: BANJAR5 | Y49: 5-II | Z49: MAJENANG | AA49: 1 | AD49: 0 | AE49: 1 | AG49: 22.88 | AH49: 1 | AI49: Ground | AJ49: 0 | AM49: 0 | AN49: 0 | AO49: 100 | AP49: 1 | AQ49: 0.58 | AR49: 0.58 | AS49: 9.600349 | AT49: 70.94324 | AU49: 3.13456 | AV49: 9.074208 | AW49: 6.56656 | AX49: 27.22262 | AY49: 0 | AZ49: 0.6412987 | BA49: 8.348166
A50: =COUNTA(C50:Q50)-1 -> 0 | B50: =if(C50="",,AS50) | C50: =if(and(D$3>1,E50=PROSES!$D$22),,D50) | D50: =if(and(F$3>1,F50=PROSES!$B$10),,F50) | E50: =if(F50="",,AS50) | F50: =if(G50=H50,,(G50&H50)) | G50: =if(Z50=PROSES!$E$29,T50,) | H50: =if(X50=PROSES!$E$29,T50,) | I50: =if(J50="",,AS50) | J50: =if(and($K$3>1,R50=PROSES!$C$2),,K50) | K50: =if(and($L$3>1,L50=PROSES!$B$2),,L50) | L50: =if(M50=N50,,(M50&N50)) | M50: =if(Z50=PROSES!$B$3,T50,) | N50: =if(X50=PROSES!$B$3,T50,) | O50: =P50&Q50 | P50: =if(Z50=PROSES!$B$1,T50,) | Q50: =if(X50=PROSES!$B$1,T50,) | R50: =X50&Z50 -> BANTULKLATEN | T50: BANTUL-KLATEN1 | U50: region3 | V50: region3 | W50: OHL-150kV-HAWK 1x281.1mm (580A) | X50: BANTUL | Y50: 2 | Z50: KLATEN | AA50: 1 | AD50: 0 | AE50: 1 | AG50: 34.765 | AH50: 1 | AI50: Ground | AJ50: 0 | AM50: 0 | AN50: 0 | AO50: 100 | AP50: 1 | AQ50: 0.58 | AR50: 0.58 | AS50: 14.58724 | AT50: 70.94324 | AU50: 4.762805 | AV50: 13.7878 | AW50: 9.977555 | AX50: 41.3634 | AY50: 0 | AZ50: 0.6412987 | BA50: 8.348166
A51: =COUNTA(C51:Q51)-1 -> 0 | B51: =if(C51="",,AS51) | C51: =if(and(D$3>1,E51=PROSES!$D$22),,D51) | D51: =if(and(F$3>1,F51=PROSES!$B$10),,F51) | E51: =if(F51="",,AS51) | F51: =if(G51=H51,,(G51&H51)) | G51: =if(Z51=PROSES!$E$29,T51,) | H51: =if(X51=PROSES!$E$29,T51,) | I51: =if(J51="",,AS51) | J51: =if(and($K$3>1,R51=PROSES!$C$2),,K51) | K51: =if(and($L$3>1,L51=PROSES!$B$2),,L51) | L51: =if(M51=N51,,(M51&N51)) | M51: =if(Z51=PROSES!$B$3,T51,) | N51: =if(X51=PROSES!$B$3,T51,) | O51: =P51&Q51 | P51: =if(Z51=PROSES!$B$1,T51,) | Q51: =if(X51=PROSES!$B$1,T51,) | R51: =X51&Z51 -> BANTULKLATEN | T51: BANTUL-KLATEN2 | U51: region3 | V51: region3 | W51: OHL-150kV-HAWK 1x281.1mm (580A) | X51: BANTUL | Y51: 1 | Z51: KLATEN | AA51: 1 | AD51: 0 | AE51: 1 | AG51: 34.765 | AH51: 1 | AI51: Ground | AJ51: 0 | AM51: 0 | AN51: 0 | AO51: 100 | AP51: 1 | AQ51: 0.58 | AR51: 0.58 | AS51: 14.58724 | AT51: 70.94324 | AU51: 4.762805 | AV51: 13.7878 | AW51: 9.977555 | AX51: 41.3634 | AY51: 0 | AZ51: 0.6412987 | BA51: 8.348166
A52: =COUNTA(C52:Q52)-1 -> 0 | B52: =if(C52="",,AS52) | C52: =if(and(D$3>1,E52=PROSES!$D$22),,D52) | D52: =if(and(F$3>1,F52=PROSES!$B$10),,F52) | E52: =if(F52="",,AS52) | F52: =if(G52=H52,,(G52&H52)) | G52: =if(Z52=PROSES!$E$29,T52,) | H52: =if(X52=PROSES!$E$29,T52,) | I52: =if(J52="",,AS52) | J52: =if(and($K$3>1,R52=PROSES!$C$2),,K52) | K52: =if(and($L$3>1,L52=PROSES!$B$2),,L52) | L52: =if(M52=N52,,(M52&N52)) | M52: =if(Z52=PROSES!$B$3,T52,) | N52: =if(X52=PROSES!$B$3,T52,) | O52: =P52&Q52 | P52: =if(Z52=PROSES!$B$1,T52,) | Q52: =if(X52=PROSES!$B$1,T52,) | R52: =X52&Z52 -> BANTULSEMANU | T52: BANTUL-SEMANU1 | U52: region3 | V52: region3 | W52: OHL-150kV-HAWK 1x281.1mm (580A) | X52: BANTUL | Y52: 2 | Z52: SEMANU | AA52: 1 | AD52: 0 | AE52: 1 | AG52: 39.043 | AH52: 1 | AI52: Ground | AJ52: 0 | AM52: 0 | AN52: 0 | AO52: 100 | AP52: 1 | AQ52: 0.58 | AR52: 0.58 | AS52: 16.38227 | AT52: 70.94324 | AU52: 5.348891 | AV52: 15.48445 | AW52: 11.20534 | AX52: 46.45336 | AY52: 0 | AZ52: 0.6412987 | BA52: 8.348166
A53: =COUNTA(C53:Q53)-1 -> 0 | B53: =if(C53="",,AS53) | C53: =if(and(D$3>1,E53=PROSES!$D$22),,D53) | D53: =if(and(F$3>1,F53=PROSES!$B$10),,F53) | E53: =if(F53="",,AS53) | F53: =if(G53=H53,,(G53&H53)) | G53: =if(Z53=PROSES!$E$29,T53,) | H53: =if(X53=PROSES!$E$29,T53,) | I53: =if(J53="",,AS53) | J53: =if(and($K$3>1,R53=PROSES!$C$2),,K53) | K53: =if(and($L$3>1,L53=PROSES!$B$2),,L53) | L53: =if(M53=N53,,(M53&N53)) | M53: =if(Z53=PROSES!$B$3,T53,) | N53: =if(X53=PROSES!$B$3,T53,) | O53: =P53&Q53 | P53: =if(Z53=PROSES!$B$1,T53,) | Q53: =if(X53=PROSES!$B$1,T53,) | R53: =X53&Z53 -> BANTULSEMANU | T53: BANTUL-SEMANU2 | U53: region3 | V53: region3 | W53: OHL-150kV-HAWK 1x281.1mm (580A) | X53: BANTUL | Y53: 1 | Z53: SEMANU | AA53: 1 | AD53: 0 | AE53: 1 | AG53: 39.043 | AH53: 1 | AI53: Ground | AJ53: 0 | AM53: 0 | AN53: 0 | AO53: 100 | AP53: 1 | AQ53: 0.58 | AR53: 0.58 | AS53: 16.38227 | AT53: 70.94324 | AU53: 5.348891 | AV53: 15.48445 | AW53: 11.20534 | AX53: 46.45336 | AY53: 0 | AZ53: 0.6412987 | BA53: 8.348166
A54: =COUNTA(C54:Q54)-1 -> 0 | B54: =if(C54="",,AS54) | C54: =if(and(D$3>1,E54=PROSES!$D$22),,D54) | D54: =if(and(F$3>1,F54=PROSES!$B$10),,F54) | E54: =if(F54="",,AS54) | F54: =if(G54=H54,,(G54&H54)) | G54: =if(Z54=PROSES!$E$29,T54,) | H54: =if(X54=PROSES!$E$29,T54,) | I54: =if(J54="",,AS54) | J54: =if(and($K$3>1,R54=PROSES!$C$2),,K54) | K54: =if(and($L$3>1,L54=PROSES!$B$2),,L54) | L54: =if(M54=N54,,(M54&N54)) | M54: =if(Z54=PROSES!$B$3,T54,) | N54: =if(X54=PROSES!$B$3,T54,) | O54: =P54&Q54 | P54: =if(Z54=PROSES!$B$1,T54,) | Q54: =if(X54=PROSES!$B$1,T54,) | R54: =X54&Z54 -> BANTULWATES | T54: BANTUL-WATES | U54: region3 | V54: region3 | W54: OHL-150kV-HAWK 1x281.1mm (580A) | X54: BANTUL | Y54: 2 | Z54: WATES | AA54: 5-I | AD54: 0 | AE54: 1 | AG54: 31.644 | AH54: 1 | AI54: Ground | AJ54: 0 | AM54: 0 | AN54: 0 | AO54: 100 | AP54: 1 | AQ54: 0.58 | AR54: 0.58 | AS54: 13.27769 | AT54: 70.94324 | AU54: 4.335227 | AV54: 12.55001 | AW54: 9.081828 | AX54: 37.65003 | AY54: 0 | AZ54: 0.6412987 | BA54: 8.348166
A55: =COUNTA(C55:Q55)-1 -> 0 | B55: =if(C55="",,AS55) | C55: =if(and(D$3>1,E55=PROSES!$D$22),,D55) | D55: =if(and(F$3>1,F55=PROSES!$B$10),,F55) | E55: =if(F55="",,AS55) | F55: =if(G55=H55,,(G55&H55)) | G55: =if(Z55=PROSES!$E$29,T55,) | H55: =if(X55=PROSES!$E$29,T55,) | I55: =if(J55="",,AS55) | J55: =if(and($K$3>1,R55=PROSES!$C$2),,K55) | K55: =if(and($L$3>1,L55=PROSES!$B$2),,L55) | L55: =if(M55=N55,,(M55&N55)) | M55: =if(Z55=PROSES!$B$3,T55,) | N55: =if(X55=PROSES!$B$3,T55,) | O55: =P55&Q55 | P55: =if(Z55=PROSES!$B$1,T55,) | Q55: =if(X55=PROSES!$B$1,T55,) | R55: =X55&Z55 -> BANYUDONOJAJAR | T55: BANYUDONO-JAJAR | U55: region3 | V55: region3 | W55: OHL-150kV-HAWK 1x281.1mm (580A) | X55: BANYUDONO | Y55: - 3-I | Z55: JAJAR | AA55: 1 | AD55: 0 | AE55: 1 | AG55: 8.65 | AH55: 1 | AI55: Ground | AJ55: 0 | AM55: 0 | AN55: 0 | AO55: 100 | AP55: 1 | AQ55: 0.58 | AR55: 0.58 | AS55: 3.629503 | AT55: 70.94324 | AU55: 1.18505 | AV55: 3.43059 | AW55: 2.48255 | AX55: 10.29177 | AY55: 0 | AZ55: 0.6412987 | BA55: 8.348166
A56: =COUNTA(C56:Q56)-1 -> 0 | B56: =if(C56="",,AS56) | C56: =if(and(D$3>1,E56=PROSES!$D$22),,D56) | D56: =if(and(F$3>1,F56=PROSES!$B$10),,F56) | E56: =if(F56="",,AS56) | F56: =if(G56=H56,,(G56&H56)) | G56: =if(Z56=PROSES!$E$29,T56,) | H56: =if(X56=PROSES!$E$29,T56,) | I56: =if(J56="",,AS56) | J56: =if(and($K$3>1,R56=PROSES!$C$2),,K56) | K56: =if(and($L$3>1,L56=PROSES!$B$2),,L56) | L56: =if(M56=N56,,(M56&N56)) | M56: =if(Z56=PROSES!$B$3,T56,) | N56: =if(X56=PROSES!$B$3,T56,) | O56: =P56&Q56 | P56: =if(Z56=PROSES!$B$1,T56,) | Q56: =if(X56=PROSES!$B$1,T56,) | R56: =X56&Z56 -> PEKALONGANBATANG | T56: BATANG-PEKALONGAN 1 | U56: region3 | V56: region3 | W56: OHL-150kV-HAWK 1x281.1mm (580A) | X56: PEKALONGAN | Y56: 1 | Z56: BATANG | AA56: 2 | AD56: 0 | AE56: 1 | AG56: 13.163 | AH56: 1 | AI56: Ground | AJ56: 0 | AM56: 0 | AN56: 0 | AO56: 100 | AP56: 1 | AQ56: 0.58 | AR56: 0.58 | AS56: 5.523139 | AT56: 70.94324 | AU56: 1.803331 | AV56: 5.220446 | AW56: 3.777781 | AX56: 15.66134 | AY56: 0 | AZ56: 0.6412987 | BA56: 8.348166
A57: =COUNTA(C57:Q57)-1 -> 0 | B57: =if(C57="",,AS57) | C57: =if(and(D$3>1,E57=PROSES!$D$22),,D57) | D57: =if(and(F$3>1,F57=PROSES!$B$10),,F57) | E57: =if(F57="",,AS57) | F57: =if(G57=H57,,(G57&H57)) | G57: =if(Z57=PROSES!$E$29,T57,) | H57: =if(X57=PROSES!$E$29,T57,) | I57: =if(J57="",,AS57) | J57: =if(and($K$3>1,R57=PROSES!$C$2),,K57) | K57: =if(and($L$3>1,L57=PROSES!$B$2),,L57) | L57: =if(M57=N57,,(M57&N57)) | M57: =if(Z57=PROSES!$B$3,T57,) | N57: =if(X57=PROSES!$B$3,T57,) | O57: =P57&Q57 | P57: =if(Z57=PROSES!$B$1,T57,) | Q57: =if(X57=PROSES!$B$1,T57,) | R57: =X57&Z57 -> PEKALONGANBATANG | T57: BATANG-PEKALONGAN 2 | U57: region3 | V57: region3 | W57: OHL-150kV-HAWK 1x281.1mm (580A) | X57: PEKALONGAN | Y57: 2 | Z57: BATANG | AA57: 1 | AD57: 0 | AE57: 1 | AG57: 13.163 | AH57: 1 | AI57: Ground | AJ57: 0 | AM57: 0 | AN57: 0 | AO57: 100 | AP57: 1 | AQ57: 0.58 | AR57: 0.58 | AS57: 5.523139 | AT57: 70.94324 | AU57: 1.803331 | AV57: 5.220446 | AW57: 3.777781 | AX57: 15.66134 | AY57: 0 | AZ57: 0.6412987 | BA57: 8.348166
A58: =COUNTA(C58:Q58)-1 -> 0 | B58: =if(C58="",,AS58) | C58: =if(and(D$3>1,E58=PROSES!$D$22),,D58) | D58: =if(and(F$3>1,F58=PROSES!$B$10),,F58) | E58: =if(F58="",,AS58) | F58: =if(G58=H58,,(G58&H58)) | G58: =if(Z58=PROSES!$E$29,T58,) | H58: =if(X58=PROSES!$E$29,T58,) | I58: =if(J58="",,AS58) | J58: =if(and($K$3>1,R58=PROSES!$C$2),,K58) | K58: =if(and($L$3>1,L58=PROSES!$B$2),,L58) | L58: =if(M58=N58,,(M58&N58)) | M58: =if(Z58=PROSES!$B$3,T58,) | N58: =if(X58=PROSES!$B$3,T58,) | O58: =P58&Q58 | P58: =if(Z58=PROSES!$B$1,T58,) | Q58: =if(X58=PROSES!$B$1,T58,) | R58: =X58&Z58 -> BAWENKLATEN | T58: BAWEN-KLATEN1 | U58: region3 | V58: region3 | W58: OHL-150kV-ZEBRA 2X484.5mm (1620A) | X58: BAWEN | Y58: 1 | Z58: KLATEN | AA58: 1 | AD58: 0 | AE58: 1 | AG58: 64.757 | AH58: 1 | AI58: Ground | AJ58: 0 | AM58: 0 | AN58: 0 | AO58: 100 | AP58: 1 | AQ58: 1.62 | AR58: 1.62 | AS58: 18.34924 | AT58: 82.15014 | AU58: 2.506096 | AV58: 18.17729 | AW58: 12.21965 | AX58: 54.53188 | AY58: 0 | AZ58: 0.683587 | BA58: -7.109503
A59: =COUNTA(C59:Q59)-1 -> 0 | B59: =if(C59="",,AS59) | C59: =if(and(D$3>1,E59=PROSES!$D$22),,D59) | D59: =if(and(F$3>1,F59=PROSES!$B$10),,F59) | E59: =if(F59="",,AS59) | F59: =if(G59=H59,,(G59&H59)) | G59: =if(Z59=PROSES!$E$29,T59,) | H59: =if(X59=PROSES!$E$29,T59,) | I59: =if(J59="",,AS59) | J59: =if(and($K$3>1,R59=PROSES!$C$2),,K59) | K59: =if(and($L$3>1,L59=PROSES!$B$2),,L59) | L59: =if(M59=N59,,(M59&N59)) | M59: =if(Z59=PROSES!$B$3,T59,) | N59: =if(X59=PROSES!$B$3,T59,) | O59: =P59&Q59 | P59: =if(Z59=PROSES!$B$1,T59,) | Q59: =if(X59=PROSES!$B$1,T59,) | R59: =X59&Z59 -> BAWENKLATEN | T59: BAWEN-KLATEN2 | U59: region3 | V59: region3 | W59: OHL-150kV-ZEBRA 2X484.5mm (1620A) | X59: BAWEN | Y59: 1 | Z59: KLATEN | AA59: 1 | AD59: 0 | AE59: 1 | AG59: 64.757 | AH59: 1 | AI59: Ground | AJ59: 0 | AM59: 0 | AN59: 0 | AO59: 100 | AP59: 1 | AQ59: 1.62 | AR59: 1.62 | AS59: 18.34924 | AT59: 82.15014 | AU59: 2.506096 | AV59: 18.17729 | AW59: 12.21965 | AX59: 54.53188 | AY59: 0 | AZ59: 0.683587 | BA59: -7.109503
A60: =COUNTA(C60:Q60)-1 -> 0 | B60: =if(C60="",,AS60) | C60: =if(and(D$3>1,E60=PROSES!$D$22),,D60) | D60: =if(and(F$3>1,F60=PROSES!$B$10),,F60) | E60: =if(F60="",,AS60) | F60: =if(G60=H60,,(G60&H60)) | G60: =if(Z60=PROSES!$E$29,T60,) | H60: =if(X60=PROSES!$E$29,T60,) | I60: =if(J60="",,AS60) | J60: =if(and($K$3>1,R60=PROSES!$C$2),,K60) | K60: =if(and($L$3>1,L60=PROSES!$B$2),,L60) | L60: =if(M60=N60,,(M60&N60)) | M60: =if(Z60=PROSES!$B$3,T60,) | N60: =if(X60=PROSES!$B$3,T60,) | O60: =P60&Q60 | P60: =if(Z60=PROSES!$B$1,T60,) | Q60: =if(X60=PROSES!$B$1,T60,) | R60: =X60&Z60 -> BAWENSANGGRAHAN | T60: BAWEN-SANGGRAHAN | U60: region3 | V60: region3 | W60: OHL-150kV-ZEBRA 2X484.5mm (1620A) | X60: BAWEN | Y60: 1 | Z60: SANGGRAHAN | AA60: 1 | AD60: 0 | AE60: 1 | AG60: 38.19 | AH60: 1 | AI60: Ground | AJ60: 0 | AM60: 0 | AN60: 0 | AO60: 100 | AP60: 1 | AQ60: 1.62 | AR60: 1.62 | AS60: 10.82134 | AT60: 82.15014 | AU60: 1.477953 | AV60: 10.71993 | AW60: 7.206453 | AX60: 32.1598 | AY60: 0 | AZ60: 0.683587 | BA60: -7.109503
A61: =COUNTA(C61:Q61)-1 -> 0 | B61: =if(C61="",,AS61) | C61: =if(and(D$3>1,E61=PROSES!$D$22),,D61) | D61: =if(and(F$3>1,F61=PROSES!$B$10),,F61) | E61: =if(F61="",,AS61) | F61: =if(G61=H61,,(G61&H61)) | G61: =if(Z61=PROSES!$E$29,T61,) | H61: =if(X61=PROSES!$E$29,T61,) | I61: =if(J61="",,AS61) | J61: =if(and($K$3>1,R61=PROSES!$C$2),,K61) | K61: =if(and($L$3>1,L61=PROSES!$B$2),,L61) | L61: =if(M61=N61,,(M61&N61)) | M61: =if(Z61=PROSES!$B$3,T61,) | N61: =if(X61=PROSES!$B$3,T61,) | O61: =P61&Q61 | P61: =if(Z61=PROSES!$B$1,T61,) | Q61: =if(X61=PROSES!$B$1,T61,) | R61: =X61&Z61 -> BAWENSECANG DOUBLE | T61: BAWEN-SECANG | U61: region3 | V61: region3 | W61: OHL-150kV-ZEBRA 2X484.5mm (1620A) | X61: BAWEN | Y61: 1 | Z61: SECANG DOUBLE | AA61: 1 | AD61: 0 | AE61: 1 | AG61: 32.348 | AH61: 1 | AI61: Ground | AJ61: 0 | AM61: 0 | AN61: 0 | AO61: 100 | AP61: 1 | AQ61: 1.62 | AR61: 1.62 | AS61: 9.165975 | AT61: 82.15014 | AU61: 1.251868 | AV61: 9.080084 | AW61: 6.104068 | AX61: 27.24025 | AY61: 0 | AZ61: 0.683587 | BA61: -7.109503
A62: =COUNTA(C62:Q62)-1 -> 0 | B62: =if(C62="",,AS62) | C62: =if(and(D$3>1,E62=PROSES!$D$22),,D62) | D62: =if(and(F$3>1,F62=PROSES!$B$10),,F62) | E62: =if(F62="",,AS62) | F62: =if(G62=H62,,(G62&H62)) | G62: =if(Z62=PROSES!$E$29,T62,) | H62: =if(X62=PROSES!$E$29,T62,) | I62: =if(J62="",,AS62) | J62: =if(and($K$3>1,R62=PROSES!$C$2),,K62) | K62: =if(and($L$3>1,L62=PROSES!$B$2),,L62) | L62: =if(M62=N62,,(M62&N62)) | M62: =if(Z62=PROSES!$B$3,T62,) | N62: =if(X62=PROSES!$B$3,T62,) | O62: =P62&Q62 | P62: =if(Z62=PROSES!$B$1,T62,) | Q62: =if(X62=PROSES!$B$1,T62,) | R62: =X62&Z62 -> BAYAH5KTT BAYAH CEMINDO | T62: BAYAH - CEMDO 1 | U62: region1 | V62: region1 | W62: OHL-150kV-ZEBRA 2X240mm (600A) | X62: BAYAH5 | Y62: I-5 | Z62: KTT BAYAH CEMINDO | AA62: I-5 | AD62: 0 | AE62: 1 | AG62: 1.5 | AH62: 1 | AI62: Ground | AJ62: 0 | AM62: 0 | AN62: 0 | AO62: 100 | AP62: 1 | AQ62: 0.6 | AR62: 0.6 | AS62: 0.6293936 | AT62: 70.94324 | AU62: 0.2055 | AV62: 0.5949 | AW62: 0.4305 | AX62: 1.785 | AY62: 0 | AZ62: 0.6414548 | BA62: 8.350802
A63: =COUNTA(C63:Q63)-1 -> 0 | B63: =if(C63="",,AS63) | C63: =if(and(D$3>1,E63=PROSES!$D$22),,D63) | D63: =if(and(F$3>1,F63=PROSES!$B$10),,F63) | E63: =if(F63="",,AS63) | F63: =if(G63=H63,,(G63&H63)) | G63: =if(Z63=PROSES!$E$29,T63,) | H63: =if(X63=PROSES!$E$29,T63,) | I63: =if(J63="",,AS63) | J63: =if(and($K$3>1,R63=PROSES!$C$2),,K63) | K63: =if(and($L$3>1,L63=PROSES!$B$2),,L63) | L63: =if(M63=N63,,(M63&N63)) | M63: =if(Z63=PROSES!$B$3,T63,) | N63: =if(X63=PROSES!$B$3,T63,) | O63: =P63&Q63 | P63: =if(Z63=PROSES!$B$1,T63,) | Q63: =if(X63=PROSES!$B$1,T63,) | R63: =X63&Z63 -> BUDI KEMULIAANKEBONSIRIH | T63: BDKMY-KBSRH-1 | U63: region1 | V63: region1 | W63: CAB-150kV-CU 800mm (920A) | X63: BUDI KEMULIAAN | Y63: I-5 | Z63: KEBONSIRIH | AA63: I-5 | AD63: 0 | AE63: 1 | AG63: 2.725 | AH63: 1 | AI63: Ground | AJ63: 0 | AM63: 0 | AN63: 0 | AO63: 100 | AP63: 1 | AQ63: 0.92 | AR63: 0.92 | AS63: 0.3128002 | AT63: 72.87525 | AU63: 0.09210499 | AV63: 0.2989325 | AW63: 0.500855 | AX63: 0.8967975 | AY63: 0 | AZ63: 0.771778 | BA63: -17.23499
A64: =COUNTA(C64:Q64)-1 -> 0 | B64: =if(C64="",,AS64) | C64: =if(and(D$3>1,E64=PROSES!$D$22),,D64) | D64: =if(and(F$3>1,F64=PROSES!$B$10),,F64) | E64: =if(F64="",,AS64) | F64: =if(G64=H64,,(G64&H64)) | G64: =if(Z64=PROSES!$E$29,T64,) | H64: =if(X64=PROSES!$E$29,T64,) | I64: =if(J64="",,AS64) | J64: =if(and($K$3>1,R64=PROSES!$C$2),,K64) | K64: =if(and($L$3>1,L64=PROSES!$B$2),,L64) | L64: =if(M64=N64,,(M64&N64)) | M64: =if(Z64=PROSES!$B$3,T64,) | N64: =if(X64=PROSES!$B$3,T64,) | O64: =P64&Q64 | P64: =if(Z64=PROSES!$B$1,T64,) | Q64: =if(X64=PROSES!$B$1,T64,) | R64: =X64&Z64 -> BUDI KEMULIAANKEBONSIRIH | T64: BDKMY-KBSRH-2 | U64: region1 | V64: region1 | W64: CAB-150kV-CU 800mm (920A) | X64: BUDI KEMULIAAN | Y64: II-5 | Z64: KEBONSIRIH | AA64: II-5 | AD64: 0 | AE64: 1 | AG64: 2.725 | AH64: 1 | AI64: Ground | AJ64: 0 | AM64: 0 | AN64: 0 | AO64: 100 | AP64: 1 | AQ64: 0.92 | AR64: 0.92 | AS64: 0.3128002 | AT64: 72.87525 | AU64: 0.09210499 | AV64: 0.2989325 | AW64: 0.500855 | AX64: 0.8967975 | AY64: 0 | AZ64: 0.771778 | BA64: -17.23499
A65: =COUNTA(C65:Q65)-1 -> 0 | B65: =if(C65="",,AS65) | C65: =if(and(D$3>1,E65=PROSES!$D$22),,D65) | D65: =if(and(F$3>1,F65=PROSES!$B$10),,F65) | E65: =if(F65="",,AS65) | F65: =if(G65=H65,,(G65&H65)) | G65: =if(Z65=PROSES!$E$29,T65,) | H65: =if(X65=PROSES!$E$29,T65,) | I65: =if(J65="",,AS65) | J65: =if(and($K$3>1,R65=PROSES!$C$2),,K65) | K65: =if(and($L$3>1,L65=PROSES!$B$2),,L65) | L65: =if(M65=N65,,(M65&N65)) | M65: =if(Z65=PROSES!$B$3,T65,) | N65: =if(X65=PROSES!$B$3,T65,) | O65: =P65&Q65 | P65: =if(Z65=PROSES!$B$1,T65,) | Q65: =if(X65=PROSES!$B$1,T65,) | R65: =X65&Z65 -> BUDURAN5BANGIL5 | T65: BDRAN-BNGIL | U65: region4 | V65: region4 | W65: OHL-150kV-DOVE 1X327.94mm (600A) | X65: BUDURAN5 | Y65: - 5-I | Z65: BANGIL5 | AA65: - 5-I | AD65: 1 | AE65: 1 | AG65: 26.75 | AH65: 1 | AI65: Ground | AJ65: 0 | AM65: 0 | AN65: 0 | AO65: 100 | AP65: 1 | AQ65: 0.6 | AR65: 0.6 | AS65: 11.15754 | AT65: 73.681 | AU65: 3.1351 | AV65: 10.70802 | AW65: 7.1476 | AX65: 32.12407 | AY65: 0 | AZ65: 0.650941 | BA65: 5.70712
A66: =COUNTA(C66:Q66)-1 -> 0 | B66: =if(C66="",,AS66) | C66: =if(and(D$3>1,E66=PROSES!$D$22),,D66) | D66: =if(and(F$3>1,F66=PROSES!$B$10),,F66) | E66: =if(F66="",,AS66) | F66: =if(G66=H66,,(G66&H66)) | G66: =if(Z66=PROSES!$E$29,T66,) | H66: =if(X66=PROSES!$E$29,T66,) | I66: =if(J66="",,AS66) | J66: =if(and($K$3>1,R66=PROSES!$C$2),,K66) | K66: =if(and($L$3>1,L66=PROSES!$B$2),,L66) | L66: =if(M66=N66,,(M66&N66)) | M66: =if(Z66=PROSES!$B$3,T66,) | N66: =if(X66=PROSES!$B$3,T66,) | O66: =P66&Q66 | P66: =if(Z66=PROSES!$B$1,T66,) | Q66: =if(X66=PROSES!$B$1,T66,) | R66: =X66&Z66 -> BUDURAN4PORONG4 | T66: BDRAN-PRONG 1 | U66: region4 | V66: region4 | W66: OHL-70kV-ACSR/PIPER 187.5mm (440A) | X66: BUDURAN4 | Y66: 4-II | Z66: PORONG4 | AA66: 4-I | AD66: 0 | AE66: 1 | AG66: 15.05 | AH66: 0.97 | AI66: Ground | AJ66: 0 | AM66: 0 | AN66: 0 | AO66: 100 | AP66: 1 | AQ66: 0.4268 | AR66: 0.4268 | AS66: 6.670441 | AT66: 60.53732 | AU66: 3.2809 | AV66: 5.807795 | AW66: 5.5384 | AX66: 17.42338 | AY66: 0 | AZ66: 0.5913117 | BA66: 18.4643
A67: =COUNTA(C67:Q67)-1 -> 0 | B67: =if(C67="",,AS67) | C67: =if(and(D$3>1,E67=PROSES!$D$22),,D67) | D67: =if(and(F$3>1,F67=PROSES!$B$10),,F67) | E67: =if(F67="",,AS67) | F67: =if(G67=H67,,(G67&H67)) | G67: =if(Z67=PROSES!$E$29,T67,) | H67: =if(X67=PROSES!$E$29,T67,) | I67: =if(J67="",,AS67) | J67: =if(and($K$3>1,R67=PROSES!$C$2),,K67) | K67: =if(and($L$3>1,L67=PROSES!$B$2),,L67) | L67: =if(M67=N67,,(M67&N67)) | M67: =if(Z67=PROSES!$B$3,T67,) | N67: =if(X67=PROSES!$B$3,T67,) | O67: =P67&Q67 | P67: =if(Z67=PROSES!$B$1,T67,) | Q67: =if(X67=PROSES!$B$1,T67,) | R67: =X67&Z67 -> PORONG4BUDURAN4 | T67: BDRAN-PRONG 2 | U67: region4 | V67: region4 | W67: OHL-70kV-ACSR/PIPER 187.5mm (440A) | X67: PORONG4 | Y67: 4-I | Z67: BUDURAN4 | AA67: 4-II | AD67: 0 | AE67: 1 | AG67: 15.05 | AH67: 0.97 | AI67: Ground | AJ67: 0 | AM67: 0 | AN67: 0 | AO67: 100 | AP67: 1 | AQ67: 0.4268 | AR67: 0.4268 | AS67: 6.670441 | AT67: 60.53732 | AU67: 3.2809 | AV67: 5.807795 | AW67: 5.5384 | AX67: 17.42338 | AY67: 0 | AZ67: 0.5913117 | BA67: 18.4643
A68: =COUNTA(C68:Q68)-1 -> 0 | B68: =if(C68="",,AS68) | C68: =if(and(D$3>1,E68=PROSES!$D$22),,D68) | D68: =if(and(F$3>1,F68=PROSES!$B$10),,F68) | E68: =if(F68="",,AS68) | F68: =if(G68=H68,,(G68&H68)) | G68: =if(Z68=PROSES!$E$29,T68,) | H68: =if(X68=PROSES!$E$29,T68,) | I68: =if(J68="",,AS68) | J68: =if(and($K$3>1,R68=PROSES!$C$2),,K68) | K68: =if(and($L$3>1,L68=PROSES!$B$2),,L68) | L68: =if(M68=N68,,(M68&N68)) | M68: =if(Z68=PROSES!$B$3,T68,) | N68: =if(X68=PROSES!$B$3,T68,) | O68: =P68&Q68 | P68: =if(Z68=PROSES!$B$1,T68,) | Q68: =if(X68=PROSES!$B$1,T68,) | R68: =X68&Z68 -> BANDUNG SELATAN5KAMOJANG5 | T68: BDSLN-KMJNG | U68: region2 | V68: region2 | W68: OHL-150kV-DRAKE 1X468.45mm (780A) | X68: BANDUNG SELATAN5 | Y68: - 5-IIB | Z68: KAMOJANG5 | AA68: - 5-I | AD68: 1 | AE68: 1 | AG68: 27 | AH68: 1 | AI68: Ground | AJ68: 0 | AM68: 0 | AN68: 0 | AO68: 100 | AP68: 1 | AQ68: 0.78 | AR68: 0.78 | AS68: 11.19289 | AT68: 78.54912 | AU68: 2.2221 | AV68: 10.9701 | AW68: 6.2721 | AX68: 32.9103 | AY68: 0 | AZ68: 0.6644356 | BA68: 0.9922302
A69: =COUNTA(C69:Q69)-1 -> 0 | B69: =if(C69="",,AS69) | C69: =if(and(D$3>1,E69=PROSES!$D$22),,D69) | D69: =if(and(F$3>1,F69=PROSES!$B$10),,F69) | E69: =if(F69="",,AS69) | F69: =if(G69=H69,,(G69&H69)) | G69: =if(Z69=PROSES!$E$29,T69,) | H69: =if(X69=PROSES!$E$29,T69,) | I69: =if(J69="",,AS69) | J69: =if(and($K$3>1,R69=PROSES!$C$2),,K69) | K69: =if(and($L$3>1,L69=PROSES!$B$2),,L69) | L69: =if(M69=N69,,(M69&N69)) | M69: =if(Z69=PROSES!$B$3,T69,) | N69: =if(X69=PROSES!$B$3,T69,) | O69: =P69&Q69 | P69: =if(Z69=PROSES!$B$1,T69,) | Q69: =if(X69=PROSES!$B$1,T69,) | R69: =X69&Z69 -> KIARACONDONG5BANDUNG SELATAN5 | T69: BDSLN-KRCDG1 | U69: region2 | V69: region2 | W69: OHL-150kV-DOVE 2X327.94mm (1200A) | X69: KIARACONDONG5 | Y69: 5-I | Z69: BANDUNG SELATAN5 | AA69: 5-IIB | AD69: 0 | AE69: 1 | AG69: 26 | AH69: 1 | AI69: Ground | AJ69: 0 | AM69: 0 | AN69: 0 | AO69: 100 | AP69: 1 | AQ69: 1.2 | AR69: 1.2 | AS69: 7.369028 | AT69: 78.06761 | AU69: 1.5236 | AV69: 7.2098 | AW69: 5.4236 | AX69: 21.6294 | AY69: 0 | AZ69: 0.6756974 | BA69: -3.202028
A70: =COUNTA(C70:Q70)-1 -> 0 | B70: =if(C70="",,AS70) | C70: =if(and(D$3>1,E70=PROSES!$D$22),,D70) | D70: =if(and(F$3>1,F70=PROSES!$B$10),,F70) | E70: =if(F70="",,AS70) | F70: =if(G70=H70,,(G70&H70)) | G70: =if(Z70=PROSES!$E$29,T70,) | H70: =if(X70=PROSES!$E$29,T70,) | I70: =if(J70="",,AS70) | J70: =if(and($K$3>1,R70=PROSES!$C$2),,K70) | K70: =if(and($L$3>1,L70=PROSES!$B$2),,L70) | L70: =if(M70=N70,,(M70&N70)) | M70: =if(Z70=PROSES!$B$3,T70,) | N70: =if(X70=PROSES!$B$3,T70,) | O70: =P70&Q70 | P70: =if(Z70=PROSES!$B$1,T70,) | Q70: =if(X70=PROSES!$B$1,T70,) | R70: =X70&Z70 -> KIARACONDONG5BANDUNG SELATAN5 | T70: BDSLN-KRCDG2 | U70: region2 | V70: region2 | W70: OHL-150kV-DOVE 2X327.94mm (1200A) | X70: KIARACONDONG5 | Y70: 5-II | Z70: BANDUNG SELATAN5 | AA70: 5-IA | AD70: 0 | AE70: 1 | AG70: 26 | AH70: 1 | AI70: Ground | AJ70: 0 | AM70: 0 | AN70: 0 | AO70: 100 | AP70: 1 | AQ70: 1.2 | AR70: 1.2 | AS70: 7.369028 | AT70: 78.06761 | AU70: 1.5236 | AV70: 7.2098 | AW70: 5.4236 | AX70: 21.6294 | AY70: 0 | AZ70: 0.6756974 | BA70: -3.202028
A71: =COUNTA(C71:Q71)-1 -> 0 | B71: =if(C71="",,AS71) | C71: =if(and(D$3>1,E71=PROSES!$D$22),,D71) | D71: =if(and(F$3>1,F71=PROSES!$B$10),,F71) | E71: =if(F71="",,AS71) | F71: =if(G71=H71,,(G71&H71)) | G71: =if(Z71=PROSES!$E$29,T71,) | H71: =if(X71=PROSES!$E$29,T71,) | I71: =if(J71="",,AS71) | J71: =if(and($K$3>1,R71=PROSES!$C$2),,K71) | K71: =if(and($L$3>1,L71=PROSES!$B$2),,L71) | L71: =if(M71=N71,,(M71&N71)) | M71: =if(Z71=PROSES!$B$3,T71,) | N71: =if(X71=PROSES!$B$3,T71,) | O71: =P71&Q71 | P71: =if(Z71=PROSES!$B$1,T71,) | Q71: =if(X71=PROSES!$B$1,T71,) | R71: =X71&Z71 -> PANASIA5BANDUNG SELATAN5 | T71: BDSLN-PNSIA1 | U71: region2 | V71: region2 | W71: OHL-150kV-HAWK 1x281.1mm (580A) | X71: PANASIA5 | Y71: 5-I | Z71: BANDUNG SELATAN5 | AA71: 5-IIB | AD71: 0 | AE71: 1 | AG71: 9 | AH71: 1 | AI71: Ground | AJ71: 0 | AM71: 0 | AN71: 0 | AO71: 100 | AP71: 1 | AQ71: 0.58 | AR71: 0.58 | AS71: 3.776361 | AT71: 70.94324 | AU71: 1.233 | AV71: 3.5694 | AW71: 2.583 | AX71: 10.7082 | AY71: 0 | AZ71: 0.6412987 | BA71: 8.348166
A72: =COUNTA(C72:Q72)-1 -> 0 | B72: =if(C72="",,AS72) | C72: =if(and(D$3>1,E72=PROSES!$D$22),,D72) | D72: =if(and(F$3>1,F72=PROSES!$B$10),,F72) | E72: =if(F72="",,AS72) | F72: =if(G72=H72,,(G72&H72)) | G72: =if(Z72=PROSES!$E$29,T72,) | H72: =if(X72=PROSES!$E$29,T72,) | I72: =if(J72="",,AS72) | J72: =if(and($K$3>1,R72=PROSES!$C$2),,K72) | K72: =if(and($L$3>1,L72=PROSES!$B$2),,L72) | L72: =if(M72=N72,,(M72&N72)) | M72: =if(Z72=PROSES!$B$3,T72,) | N72: =if(X72=PROSES!$B$3,T72,) | O72: =P72&Q72 | P72: =if(Z72=PROSES!$B$1,T72,) | Q72: =if(X72=PROSES!$B$1,T72,) | R72: =X72&Z72 -> PANASIA5BANDUNG SELATAN5 | T72: BDSLN-PNSIA2 | U72: region2 | V72: region2 | W72: OHL-150kV-HAWK 1x281.1mm (580A) | X72: PANASIA5 | Y72: 5-II | Z72: BANDUNG SELATAN5 | AA72: 5-IA | AD72: 0 | AE72: 1 | AG72: 9 | AH72: 1 | AI72: Ground | AJ72: 0 | AM72: 0 | AN72: 0 | AO72: 100 | AP72: 1 | AQ72: 0.58 | AR72: 0.58 | AS72: 3.776361 | AT72: 70.94324 | AU72: 1.233 | AV72: 3.5694 | AW72: 2.583 | AX72: 10.7082 | AY72: 0 | AZ72: 0.6412987 | BA72: 8.348166
A73: =COUNTA(C73:Q73)-1 -> 0 | B73: =if(C73="",,AS73) | C73: =if(and(D$3>1,E73=PROSES!$D$22),,D73) | D73: =if(and(F$3>1,F73=PROSES!$B$10),,F73) | E73: =if(F73="",,AS73) | F73: =if(G73=H73,,(G73&H73)) | G73: =if(Z73=PROSES!$E$29,T73,) | H73: =if(X73=PROSES!$E$29,T73,) | I73: =if(J73="",,AS73) | J73: =if(and($K$3>1,R73=PROSES!$C$2),,K73) | K73: =if(and($L$3>1,L73=PROSES!$B$2),,L73) | L73: =if(M73=N73,,(M73&N73)) | M73: =if(Z73=PROSES!$B$3,T73,) | N73: =if(X73=PROSES!$B$3,T73,) | O73: =P73&Q73 | P73: =if(Z73=PROSES!$B$1,T73,) | Q73: =if(X73=PROSES!$B$1,T73,) | R73: =X73&Z73 -> NEW UJUNG BERUNG7BANDUNG SELATAN7 | T73: BDSLN-UBRUNG 2 | U73: 500kV | V73: 500kV | W73: OHL-500kV-ACSR-DOVE 4X327.9mm (1980A) | X73: NEW UJUNG BERUNG7 | Y73: B | Z73: BANDUNG SELATAN7 | AA73: 7-B | AD73: 0 | AE73: 1 | AG73: 32.89 | AH73: 1 | AI73: Ground | AJ73: 0 | AM73: 0 | AN73: 0 | AO73: 100 | AP73: 1 | AQ73: 1.98 | AR73: 1.98 | AS73: 9.308553 | AT73: 84.05775 | AU73: 0.963677 | AV73: 9.258535 | AW73: 5.897177 | AX73: 27.7756 | AY73: 0 | AZ73: 0.6862155 | BA73: -8.9765
... A89: =COUNTA(C89:Q89)-1 -> 0 | B89: =if(C89="",,AS89) | C89: =if(and(D$3>1,E89=PROSES!$D$22),,D89) | D89: =if(and(F$3>1,F89=PROSES!$B$10),,F89) | E89: =if(F89="",,AS89) | F89: =if(G89=H89,,(G89&H89)) | G89: =if(Z89=PROSES!$E$29,T89,) | H89: =if(X89=PROSES!$E$29,T89,) | I89: =if(J89="",,AS89) | J89: =if(and($K$3>1,R89=PROSES!$C$2),,K89) | K89: =if(and($L$3>1,L89=PROSES!$B$2),,L89) | L89: =if(M89=N89,,(M89&N89)) | M89: =if(Z89=PROSES!$B$3,T89,) | N89: =if(X89=PROSES!$B$3,T89,) | O89: =P89&Q89 | P89: =if(Z89=PROSES!$B$1,T89,) | Q89: =if(X89=PROSES!$B$1,T89,) | R89: =X89&Z89 -> BOGORKOTA5KEDUNGBADAK5 | T89: BGKTA-KDBDK2 | U89: 500kV | V89: 500kV | W89: CAB-150kV-XLPE 1000mm (928A) | X89: BOGORKOTA5 | Y89: I-5 | Z89: KEDUNGBADAK5 | AA89: II-5 | AD89: 0 | AE89: 1 | AG89: 1 | AH89: 1 | AI89: Ground | AJ89: 0 | AM89: 0 | AN89: 0 | AO89: 100 | AP89: 1 | AQ89: 0.928 | AR89: 0.928 | AS89: 0.1839468 | AT89: 81.87431 | AU89: 0.026 | AV89: 0.1821 | AW89: 0.176 | AX89: 0.546 | AY89: 0 | AZ89: 0.713255 | BA89: -14.27582
A90: =COUNTA(C90:Q90)-1 -> 0 | B90: =if(C90="",,AS90) | C90: =if(and(D$3>1,E90=PROSES!$D$22),,D90) | D90: =if(and(F$3>1,F90=PROSES!$B$10),,F90) | E90: =if(F90="",,AS90) | F90: =if(G90=H90,,(G90&H90)) | G90: =if(Z90=PROSES!$E$29,T90,) | H90: =if(X90=PROSES!$E$29,T90,) | I90: =if(J90="",,AS90) | J90: =if(and($K$3>1,R90=PROSES!$C$2),,K90) | K90: =if(and($L$3>1,L90=PROSES!$B$2),,L90) | L90: =if(M90=N90,,(M90&N90)) | M90: =if(Z90=PROSES!$B$3,T90,) | N90: =if(X90=PROSES!$B$3,T90,) | O90: =P90&Q90 | P90: =if(Z90=PROSES!$B$1,T90,) | Q90: =if(X90=PROSES!$B$1,T90,) | R90: =X90&Z90 -> BOJONEGORO5CEPU | T90: BJGRO-CEPU 1 | U90: 500kV | V90: 500kV | W90: OHL-150kV-HAWK 1x281.1mm (580A) | X90: BOJONEGORO5 | Y90: 5-I | Z90: CEPU | AA90: -2 | AD90: 0 | AE90: 1 | AG90: 33.32 | AH90: 1 | AI90: Ground | AJ90: 0 | AM90: 0 | AN90: 0 | AO90: 100 | AP90: 1 | AQ90: 0.58 | AR90: 0.58 | AS90: 13.98093 | AT90: 70.94324 | AU90: 4.56484 | AV90: 13.21471 | AW90: 9.56284 | AX90: 39.64414 | AY90: 0 | AZ90: 0.6412987 | BA90: 8.348166
A91: =COUNTA(C91:Q91)-1 -> 0 | B91: =if(C91="",,AS91) | C91: =if(and(D$3>1,E91=PROSES!$D$22),,D91) | D91: =if(and(F$3>1,F91=PROSES!$B$10),,F91) | E91: =if(F91="",,AS91) | F91: =if(G91=H91,,(G91&H91)) | G91: =if(Z91=PROSES!$E$29,T91,) | H91: =if(X91=PROSES!$E$29,T91,) | I91: =if(J91="",,AS91) | J91: =if(and($K$3>1,R91=PROSES!$C$2),,K91) | K91: =if(and($L$3>1,L91=PROSES!$B$2),,L91) | L91: =if(M91=N91,,(M91&N91)) | M91: =if(Z91=PROSES!$B$3,T91,) | N91: =if(X91=PROSES!$B$3,T91,) | O91: =P91&Q91 | P91: =if(Z91=PROSES!$B$1,T91,) | Q91: =if(X91=PROSES!$B$1,T91,) | R91: =X91&Z91 -> BOJONEGORO5CEPU | T91: BJGRO-CEPU 2 | U91: 500kV | V91: 500kV | W91: OHL-150kV-HAWK 1x281.1mm (580A) | X91: BOJONEGORO5 | Y91: 5-II | Z91: CEPU | AA91: -2 | AD91: 0 | AE91: 1 | AG91: 33.32 | AH91: 1 | AI91: Ground | AJ91: 0 | AM91: 0 | AN91: 0 | AO91: 100 | AP91: 1 | AQ91: 0.58 | AR91: 0.58 | AS91: 13.98093 | AT91: 70.94324 | AU91: 4.56484 | AV91: 13.21471 | AW91: 9.56284 | AX91: 39.64414 | AY91: 0 | AZ91: 0.6412987 | BA91: 8.348166
A92: =COUNTA(C92:Q92)-1 -> 0 | B92: =if(C92="",,AS92) | C92: =if(and(D$3>1,E92=PROSES!$D$22),,D92) | D92: =if(and(F$3>1,F92=PROSES!$B$10),,F92) | E92: =if(F92="",,AS92) | F92: =if(G92=H92,,(G92&H92)) | G92: =if(Z92=PROSES!$E$29,T92,) | H92: =if(X92=PROSES!$E$29,T92,) | I92: =if(J92="",,AS92) | J92: =if(and($K$3>1,R92=PROSES!$C$2),,K92) | K92: =if(and($L$3>1,L92=PROSES!$B$2),,L92) | L92: =if(M92=N92,,(M92&N92)) | M92: =if(Z92=PROSES!$B$3,T92,) | N92: =if(X92=PROSES!$B$3,T92,) | O92: =P92&Q92 | P92: =if(Z92=PROSES!$B$1,T92,) | Q92: =if(X92=PROSES!$B$1,T92,) | R92: =X92&Z92 -> BEKASI7CIBINONG7 | T92: BKASI-CIBNG | U92: 500kV | V92: 500kV | W92: OHL-500kV-ACSR-DOVE 4X327.9mm (1980A) | X92: BEKASI7 | Y92: B-7 | Z92: CIBINONG7 | AA92: B-7 | AD92: 0 | AE92: 1 | AG92: 37.9 | AH92: 1 | AI92: Ground | AJ92: 0 | AM92: 0 | AN92: 0 | AO92: 100 | AP92: 1 | AQ92: 1.98 | AR92: 1.98 | AS92: 10.72649 | AT92: 84.05775 | AU92: 1.11047 | AV92: 10.66885 | AW92: 6.79547 | AX92: 32.00655 | AY92: 0 | AZ92: 0.6862155 | BA92: -8.9765
A93: =COUNTA(C93:Q93)-1 -> 0 | B93: =if(C93="",,AS93) | C93: =if(and(D$3>1,E93=PROSES!$D$22),,D93) | D93: =if(and(F$3>1,F93=PROSES!$B$10),,F93) | E93: =if(F93="",,AS93) | F93: =if(G93=H93,,(G93&H93)) | G93: =if(Z93=PROSES!$E$29,T93,) | H93: =if(X93=PROSES!$E$29,T93,) | I93: =if(J93="",,AS93) | J93: =if(and($K$3>1,R93=PROSES!$C$2),,K93) | K93: =if(and($L$3>1,L93=PROSES!$B$2),,L93) | L93: =if(M93=N93,,(M93&N93)) | M93: =if(Z93=PROSES!$B$3,T93,) | N93: =if(X93=PROSES!$B$3,T93,) | O93: =P93&Q93 | P93: =if(Z93=PROSES!$B$1,T93,) | Q93: =if(X93=PROSES!$B$1,T93,) | R93: =X93&Z93 -> CAWANG7BEKASI7 | T93: BKASI-CWANG | U93: 500kV | V93: 500kV | W93: OHL-500kV-ACSR-DOVE 4X327.9mm (1980A) | X93: CAWANG7 | Y93: A-7 | Z93: BEKASI7 | AA93: B-7 | AD93: 0 | AE93: 1 | AG93: 16.84 | AH93: 1 | AI93: Ground | AJ93: 0 | AM93: 0 | AN93: 0 | AO93: 100 | AP93: 1 | AQ93: 1.98 | AR93: 1.98 | AS93: 4.766069 | AT93: 84.05775 | AU93: 0.493412 | AV93: 4.74046 | AW93: 3.019412 | AX93: 14.22138 | AY93: 0 | AZ93: 0.6862155 | BA93: -8.9765
A94: =COUNTA(C94:Q94)-1 -> 0 | B94: =if(C94="",,AS94) | C94: =if(and(D$3>1,E94=PROSES!$D$22),,D94) | D94: =if(and(F$3>1,F94=PROSES!$B$10),,F94) | E94: =if(F94="",,AS94) | F94: =if(G94=H94,,(G94&H94)) | G94: =if(Z94=PROSES!$E$29,T94,) | H94: =if(X94=PROSES!$E$29,T94,) | I94: =if(J94="",,AS94) | J94: =if(and($K$3>1,R94=PROSES!$C$2),,K94) | K94: =if(and($L$3>1,L94=PROSES!$B$2),,L94) | L94: =if(M94=N94,,(M94&N94)) | M94: =if(Z94=PROSES!$B$3,T94,) | N94: =if(X94=PROSES!$B$3,T94,) | O94: =P94&Q94 | P94: =if(Z94=PROSES!$B$1,T94,) | Q94: =if(X94=PROSES!$B$1,T94,) | R94: =X94&Z94 -> BEKASI | T94: BKASI-HINDA 1 | U94: region1 | V94: region1 | W94: OHL-150kV-DRAKE 2X468.5mm (1560A) | X94: BEKASI | Y94: II-5 | AA94: Terminal(18) | AD94: 0 | AE94: 1 | AG94: 5.338 | AH94: 1 | AI94: Ground | AJ94: 0 | AM94: 0 | AN94: 0 | AO94: 100 | AP94: 1 | AQ94: 1.56 | AR94: 1.56 | AS94: 1.516994 | AT94: 81.68457 | AU94: 0.2193918 | AV94: 1.501045 | AW94: 1.020092 | AX94: 4.503137 | AY94: 0 | AZ94: 0.6827177 | BA94: -6.618521
A95: =COUNTA(C95:Q95)-1 -> 0 | B95: =if(C95="",,AS95) | C95: =if(and(D$3>1,E95=PROSES!$D$22),,D95) | D95: =if(and(F$3>1,F95=PROSES!$B$10),,F95) | E95: =if(F95="",,AS95) | F95: =if(G95=H95,,(G95&H95)) | G95: =if(Z95=PROSES!$E$29,T95,) | H95: =if(X95=PROSES!$E$29,T95,) | I95: =if(J95="",,AS95) | J95: =if(and($K$3>1,R95=PROSES!$C$2),,K95) | K95: =if(and($L$3>1,L95=PROSES!$B$2),,L95) | L95: =if(M95=N95,,(M95&N95)) | M95: =if(Z95=PROSES!$B$3,T95,) | N95: =if(X95=PROSES!$B$3,T95,) | O95: =P95&Q95 | P95: =if(Z95=PROSES!$B$1,T95,) | Q95: =if(X95=PROSES!$B$1,T95,) | R95: =X95&Z95 -> HARAPAN INDAH | T95: BKASI-HINDA 1A | U95: region1 | V95: region1 | W95: OHL-150kV-TACSR 2X410mm (2730A) | Y95: Terminal(18) | Z95: HARAPAN INDAH | AA95: II-5 | AD95: 0 | AE95: 1 | AG95: 0.272 | AH95: 1 | AI95: Ground | AJ95: 0 | AM95: 0 | AN95: 0 | AO95: 100 | AP95: 1 | AQ95: 2.73 | AR95: 2.73 | AS95: 0.07228372 | AT95: 76.21999 | AU95: 0.0172176 | AV95: 0.07020321 | AW95: 0.0580176 | AX95: 0.2106096 | AY95: 0 | AZ95: 0.6742607 | BA95: -2.423059
A96: =COUNTA(C96:Q96)-1 -> 0 | B96: =if(C96="",,AS96) | C96: =if(and(D$3>1,E96=PROSES!$D$22),,D96) | D96: =if(and(F$3>1,F96=PROSES!$B$10),,F96) | E96: =if(F96="",,AS96) | F96: =if(G96=H96,,(G96&H96)) | G96: =if(Z96=PROSES!$E$29,T96,) | H96: =if(X96=PROSES!$E$29,T96,) | I96: =if(J96="",,AS96) | J96: =if(and($K$3>1,R96=PROSES!$C$2),,K96) | K96: =if(and($L$3>1,L96=PROSES!$B$2),,L96) | L96: =if(M96=N96,,(M96&N96)) | M96: =if(Z96=PROSES!$B$3,T96,) | N96: =if(X96=PROSES!$B$3,T96,) | O96: =P96&Q96 | P96: =if(Z96=PROSES!$B$1,T96,) | Q96: =if(X96=PROSES!$B$1,T96,) | R96: =X96&Z96 -> BEKASI | T96: BKASI-HINDA 2 | U96: region1 | V96: region1 | W96: OHL-150kV-DRAKE 2X468.5mm (1560A) | X96: BEKASI | Y96: II-5 | AA96: Terminal(19) | AD96: 0 | AE96: 1 | AG96: 5.338 | AH96: 1 | AI96: Ground | AJ96: 0 | AM96: 0 | AN96: 0 | AO96: 100 | AP96: 1 | AQ96: 1.56 | AR96: 1.56 | AS96: 1.516994 | AT96: 81.68457 | AU96: 0.2193918 | AV96: 1.501045 | AW96: 1.020092 | AX96: 4.503137 | AY96: 0 | AZ96: 0.6827177 | BA96: -6.618521
A97: =COUNTA(C97:Q97)-1 -> 0 | B97: =if(C97="",,AS97) | C97: =if(and(D$3>1,E97=PROSES!$D$22),,D97) | D97: =if(and(F$3>1,F97=PROSES!$B$10),,F97) | E97: =if(F97="",,AS97) | F97: =if(G97=H97,,(G97&H97)) | G97: =if(Z97=PROSES!$E$29,T97,) | H97: =if(X97=PROSES!$E$29,T97,) | I97: =if(J97="",,AS97) | J97: =if(and($K$3>1,R97=PROSES!$C$2),,K97) | K97: =if(and($L$3>1,L97=PROSES!$B$2),,L97) | L97: =if(M97=N97,,(M97&N97)) | M97: =if(Z97=PROSES!$B$3,T97,) | N97: =if(X97=PROSES!$B$3,T97,) | O97: =P97&Q97 | P97: =if(Z97=PROSES!$B$1,T97,) | Q97: =if(X97=PROSES!$B$1,T97,) | R97: =X97&Z97 -> HARAPAN INDAH | T97: BKASI-HINDA 2A | U97: region1 | V97: region1 | W97: OHL-150kV-TACSR 2X410mm (2730A) | Y97: Terminal(19) | Z97: HARAPAN INDAH | AA97: II-5 | AD97: 0 | AE97: 1 | AG97: 0.272 | AH97: 1 | AI97: Ground | AJ97: 0 | AM97: 0 | AN97: 0 | AO97: 100 | AP97: 1 | AQ97: 2.73 | AR97: 2.73 | AS97: 0.07228372 | AT97: 76.21999 | AU97: 0.0172176 | AV97: 0.07020321 | AW97: 0.0580176 | AX97: 0.2106096 | AY97: 0 | AZ97: 0.6742607 | BA97: -2.423059
A98: =COUNTA(C98:Q98)-1 -> 0 | B98: =if(C98="",,AS98) | C98: =if(and(D$3>1,E98=PROSES!$D$22),,D98) | D98: =if(and(F$3>1,F98=PROSES!$B$10),,F98) | E98: =if(F98="",,AS98) | F98: =if(G98=H98,,(G98&H98)) | G98: =if(Z98=PROSES!$E$29,T98,) | H98: =if(X98=PROSES!$E$29,T98,) | I98: =if(J98="",,AS98) | J98: =if(and($K$3>1,R98=PROSES!$C$2),,K98) | K98: =if(and($L$3>1,L98=PROSES!$B$2),,L98) | L98: =if(M98=N98,,(M98&N98)) | M98: =if(Z98=PROSES!$B$3,T98,) | N98: =if(X98=PROSES!$B$3,T98,) | O98: =P98&Q98 | P98: =if(Z98=PROSES!$B$1,T98,) | Q98: =if(X98=PROSES!$B$1,T98,) | R98: =X98&Z98 -> MARUNDABEKASI | T98: BKASI-MRNDA1 | U98: region1 | V98: region1 | W98: OHL-150kV-HA222+ZE222 (1200 A) | X98: MARUNDA | Y98: I-5 | Z98: BEKASI | AA98: II-5 | AD98: 0 | AE98: 1 | AG98: 12.8 | AH98: 1 | AI98: Ground | AJ98: 0 | AM98: 0 | AN98: 0 | AO98: 100 | AP98: 1 | AQ98: 1.2 | AR98: 1.2 | AS98: 3.036165 | AT98: 75.84659 | AU98: 0.7424 | AV98: 2.944 | AW98: 2.6624 | AX98: 8.832 | AY98: 0 | AZ98: 0.6799299 | BA98: -3.907061
A99: =COUNTA(C99:Q99)-1 -> 0 | B99: =if(C99="",,AS99) | C99: =if(and(D$3>1,E99=PROSES!$D$22),,D99) | D99: =if(and(F$3>1,F99=PROSES!$B$10),,F99) | E99: =if(F99="",,AS99) | F99: =if(G99=H99,,(G99&H99)) | G99: =if(Z99=PROSES!$E$29,T99,) | H99: =if(X99=PROSES!$E$29,T99,) | I99: =if(J99="",,AS99) | J99: =if(and($K$3>1,R99=PROSES!$C$2),,K99) | K99: =if(and($L$3>1,L99=PROSES!$B$2),,L99) | L99: =if(M99=N99,,(M99&N99)) | M99: =if(Z99=PROSES!$B$3,T99,) | N99: =if(X99=PROSES!$B$3,T99,) | O99: =P99&Q99 | P99: =if(Z99=PROSES!$B$1,T99,) | Q99: =if(X99=PROSES!$B$1,T99,) | R99: =X99&Z99 -> MARUNDABEKASI | T99: BKASI-MRNDA2 | U99: region1 | V99: region1 | W99: OHL-150kV-HA222+ZE222 (1200 A) | X99: MARUNDA | Y99: II-5 | Z99: BEKASI | AA99: II-5 | AD99: 0 | AE99: 1 | AG99: 12.8 | AH99: 1 | AI99: Ground | AJ99: 0 | AM99: 0 | AN99: 0 | AO99: 100 | AP99: 1 | AQ99: 1.2 | AR99: 1.2 | AS99: 3.036165 | AT99: 75.84659 | AU99: 0.7424 | AV99: 2.944 | AW99: 2.6624 | AX99: 8.832 | AY99: 0 | AZ99: 0.6799299 | BA99: -3.907061
A100: =COUNTA(C100:Q100)-1 -> 0 | B100: =if(C100="",,AS100) | C100: =if(and(D$3>1,E100=PROSES!$D$22),,D100) | D100: =if(and(F$3>1,F100=PROSES!$B$10),,F100) | E100: =if(F100="",,AS100) | F100: =if(G100=H100,,(G100&H100)) | G100: =if(Z100=PROSES!$E$29,T100,) | H100: =if(X100=PROSES!$E$29,T100,) | I100: =if(J100="",,AS100) | J100: =if(and($K$3>1,R100=PROSES!$C$2),,K100) | K100: =if(and($L$3>1,L100=PROSES!$B$2),,L100) | L100: =if(M100=N100,,(M100&N100)) | M100: =if(Z100=PROSES!$B$3,T100,) | N100: =if(X100=PROSES!$B$3,T100,) | O100: =P100&Q100 | P100: =if(Z100=PROSES!$B$1,T100,) | Q100: =if(X100=PROSES!$B$1,T100,) | R100: =X100&Z100 -> BEKASI | T100: BKASI-NPGDG 1 | U100: region1 | V100: region1 | W100: OHL-150kV-DRAKE 2X468.5mm (1560A) | Y100: Terminal(12) | Z100: BEKASI | AA100: I-5 | AD100: 0 | AE100: 1 | AG100: 8.6 | AH100: 1 | AI100: Ground | AJ100: 0 | AM100: 0 | AN100: 0 | AO100: 100 | AP100: 1 | AQ100: 1.56 | AR100: 1.56 | AS100: 2.444014 | AT100: 81.68457 | AU100: 0.35346 | AV100: 2.41832 | AW100: 1.64346 | AX100: 7.25496 | AY100: 0 | AZ100: 0.6827177 | BA100: -6.618521
A101: =COUNTA(C101:Q101)-1 -> 0 | B101: =if(C101="",,AS101) | C101: =if(and(D$3>1,E101=PROSES!$D$22),,D101) | D101: =if(and(F$3>1,F101=PROSES!$B$10),,F101) | E101: =if(F101="",,AS101) | F101: =if(G101=H101,,(G101&H101)) | G101: =if(Z101=PROSES!$E$29,T101,) | H101: =if(X101=PROSES!$E$29,T101,) | I101: =if(J101="",,AS101) | J101: =if(and($K$3>1,R101=PROSES!$C$2),,K101) | K101: =if(and($L$3>1,L101=PROSES!$B$2),,L101) | L101: =if(M101=N101,,(M101&N101)) | M101: =if(Z101=PROSES!$B$3,T101,) | N101: =if(X101=PROSES!$B$3,T101,) | O101: =P101&Q101 | P101: =if(Z101=PROSES!$B$1,T101,) | Q101: =if(X101=PROSES!$B$1,T101,) | R101: =X101&Z101 -> PULOGADUNG GIS BARU | T101: BKASI-NPGDG 1A | U101: region1 | V101: region1 | W101: CAB-150kV-XLPE 2X1000mm (1636A) | Y101: Terminal(12) | Z101: PULOGADUNG GIS BARU | AA101: II-5 | AD101: 0 | AE101: 1 | AG101: 0.17 | AH101: 1 | AI101: Ground | AJ101: 0 | AM101: 0 | AN101: 0 | AO101: 100 | AP101: 1 | AQ101: 1.636 | AR101: 1.636 | AS101: 0.03147154 | AT101: 84.26477 | AU101: 0.003145 | AV101: 0.031314 | AW101: 0.02856 | AX101: 0.09401 | AY101: 0 | AZ101: 0.7165352 | BA101: -16.33087
A102: =COUNTA(C102:Q102)-1 -> 0 | B102: =if(C102="",,AS102) | C102: =if(and(D$3>1,E102=PROSES!$D$22),,D102) | D102: =if(and(F$3>1,F102=PROSES!$B$10),,F102) | E102: =if(F102="",,AS102) | F102: =if(G102=H102,,(G102&H102)) | G102: =if(Z102=PROSES!$E$29,T102,) | H102: =if(X102=PROSES!$E$29,T102,) | I102: =if(J102="",,AS102) | J102: =if(and($K$3>1,R102=PROSES!$C$2),,K102) | K102: =if(and($L$3>1,L102=PROSES!$B$2),,L102) | L102: =if(M102=N102,,(M102&N102)) | M102: =if(Z102=PROSES!$B$3,T102,) | N102: =if(X102=PROSES!$B$3,T102,) | O102: =P102&Q102 | P102: =if(Z102=PROSES!$B$1,T102,) | Q102: =if(X102=PROSES!$B$1,T102,) | R102: =X102&Z102 -> BEKASIPONDOK KELAPA | T102: BKASI-PDKLP -1 | U102: region1 | V102: region1 | W102: OHL-150kV-DRAKE 2X468.5mm (1560A) | X102: BEKASI | Y102: III | Z102: PONDOK KELAPA | AA102: I-5 | AD102: 0 | AE102: 1 | AG102: 6.6 | AH102: 1 | AI102: Ground | AJ102: 0 | AM102: 0 | AN102: 0 | AO102: 100 | AP102: 1 | AQ102: 1.56 | AR102: 1.56 | AS102: 1.875639 | AT102: 81.68457 | AU102: 0.27126 | AV102: 1.85592 | AW102: 1.26126 | AX102: 5.56776 | AY102: 0 | AZ102: 0.6827177 | BA102: -6.618521
A103: =COUNTA(C103:Q103)-1 -> 0 | B103: =if(C103="",,AS103) | C103: =if(and(D$3>1,E103=PROSES!$D$22),,D103) | D103: =if(and(F$3>1,F103=PROSES!$B$10),,F103) | E103: =if(F103="",,AS103) | F103: =if(G103=H103,,(G103&H103)) | G103: =if(Z103=PROSES!$E$29,T103,) | H103: =if(X103=PROSES!$E$29,T103,) | I103: =if(J103="",,AS103) | J103: =if(and($K$3>1,R103=PROSES!$C$2),,K103) | K103: =if(and($L$3>1,L103=PROSES!$B$2),,L103) | L103: =if(M103=N103,,(M103&N103)) | M103: =if(Z103=PROSES!$B$3,T103,) | N103: =if(X103=PROSES!$B$3,T103,) | O103: =P103&Q103 | P103: =if(Z103=PROSES!$B$1,T103,) | Q103: =if(X103=PROSES!$B$1,T103,) | R103: =X103&Z103 -> BEKASIPONDOK KELAPA | T103: BKASI-PDKLP -2 | U103: region1 | V103: region1 | W103: OHL-150kV-DRAKE 2X468.5mm (1560A) | X103: BEKASI | Y103: III | Z103: PONDOK KELAPA | AA103: I-5 | AD103: 0 | AE103: 1 | AG103: 6.6 | AH103: 1 | AI103: Ground | AJ103: 0 | AM103: 0 | AN103: 0 | AO103: 100 | AP103: 1 | AQ103: 1.56 | AR103: 1.56 | AS103: 1.875639 | AT103: 81.68457 | AU103: 0.27126 | AV103: 1.85592 | AW103: 1.26126 | AX103: 5.56776 | AY103: 0 | AZ103: 0.6827177 | BA103: -6.618521
A104: =COUNTA(C104:Q104)-1 -> 0 | B104: =if(C104="",,AS104) | C104: =if(and(D$3>1,E104=PROSES!$D$22),,D104) | D104: =if(and(F$3>1,F104=PROSES!$B$10),,F104) | E104: =if(F104="",,AS104) | F104: =if(G104=H104,,(G104&H104)) | G104: =if(Z104=PROSES!$E$29,T104,) | H104: =if(X104=PROSES!$E$29,T104,) | I104: =if(J104="",,AS104) | J104: =if(and($K$3>1,R104=PROSES!$C$2),,K104) | K104: =if(and($L$3>1,L104=PROSES!$B$2),,L104) | L104: =if(M104=N104,,(M104&N104)) | M104: =if(Z104=PROSES!$B$3,T104,) | N104: =if(X104=PROSES!$B$3,T104,) | O104: =P104&Q104 | P104: =if(Z104=PROSES!$B$1,T104,) | Q104: =if(X104=PROSES!$B$1,T104,) | R104: =X104&Z104 -> BEKASISUKATANI GOBEL5 | T104: BKASI-SKTNI 1 | U104: 500kV | V104: 500kV | W104: OHL-150kV-HEN 1X298.11mm (580A) | X104: BEKASI | Y104: IV | Z104: SUKATANI GOBEL5 | AA104: - 5-I | AD104: 0 | AE104: 1 | AG104: 26.5 | AH104: 1 | AI104: Ground | AJ104: 0 | AM104: 0 | AN104: 0 | AO104: 100 | AP104: 1 | AQ104: 0.58 | AR104: 0.58 | AS104: 11.5259 | AT104: 71.59837 | AU104: 3.63845 | AV104: 10.93655 | AW104: 7.61345 | AX104: 32.80965 | AY104: 0 | AZ104: 0.642939 | BA104: 8.101665
A105: =COUNTA(C105:Q105)-1 -> 0 | B105: =if(C105="",,AS105) | C105: =if(and(D$3>1,E105=PROSES!$D$22),,D105) | D105: =if(and(F$3>1,F105=PROSES!$B$10),,F105) | E105: =if(F105="",,AS105) | F105: =if(G105=H105,,(G105&H105)) | G105: =if(Z105=PROSES!$E$29,T105,) | H105: =if(X105=PROSES!$E$29,T105,) | I105: =if(J105="",,AS105) | J105: =if(and($K$3>1,R105=PROSES!$C$2),,K105) | K105: =if(and($L$3>1,L105=PROSES!$B$2),,L105) | L105: =if(M105=N105,,(M105&N105)) | M105: =if(Z105=PROSES!$B$3,T105,) | N105: =if(X105=PROSES!$B$3,T105,) | O105: =P105&Q105 | P105: =if(Z105=PROSES!$B$1,T105,) | Q105: =if(X105=PROSES!$B$1,T105,) | R105: =X105&Z105 -> BEKASISUKATANI GOBEL5 | T105: BKASI-SKTNI 2 | U105: 500kV | V105: 500kV | W105: OHL-150kV-HEN 1X298.11mm (580A) | X105: BEKASI | Y105: IV | Z105: SUKATANI GOBEL5 | AA105: - 5-I | AD105: 0 | AE105: 1 | AG105: 26.5 | AH105: 1 | AI105: Ground | AJ105: 0 | AM105: 0 | AN105: 0 | AO105: 100 | AP105: 1 | AQ105: 0.58 | AR105: 0.58 | AS105: 11.5259 | AT105: 71.59837 | AU105: 3.63845 | AV105: 10.93655 | AW105: 7.61345 | AX105: 32.80965 | AY105: 0 | AZ105: 0.642939 | BA105: 8.101665
A106: =COUNTA(C106:Q106)-1 -> 0 | B106: =if(C106="",,AS106) | C106: =if(and(D$3>1,E106=PROSES!$D$22),,D106) | D106: =if(and(F$3>1,F106=PROSES!$B$10),,F106) | E106: =if(F106="",,AS106) | F106: =if(G106=H106,,(G106&H106)) | G106: =if(Z106=PROSES!$E$29,T106,) | H106: =if(X106=PROSES!$E$29,T106,) | I106: =if(J106="",,AS106) | J106: =if(and($K$3>1,R106=PROSES!$C$2),,K106) | K106: =if(and($L$3>1,L106=PROSES!$B$2),,L106) | L106: =if(M106=N106,,(M106&N106)) | M106: =if(Z106=PROSES!$B$3,T106,) | N106: =if(X106=PROSES!$B$3,T106,) | O106: =P106&Q106 | P106: =if(Z106=PROSES!$B$1,T106,) | Q106: =if(X106=PROSES!$B$1,T106,) | R106: =X106&Z106 -> BANGKALAN5 | T106: BKLAN-SRMDU 2 | U106: region1 | V106: region1 | W106: OHL-150kV-HAWK 1x281.1mm (580A) | X106: BANGKALAN5 | Y106: 5-II | AA106: Terminal(94) | AD106: 0 | AE106: 1 | AG106: 14.891 | AH106: 1 | AI106: Ground | AJ106: 0 | AM106: 0 | AN106: 0 | AO106: 100 | AP106: 1 | AQ106: 0.58 | AR106: 0.58 | AS106: 6.2482 | AT106: 70.94324 | AU106: 2.040067 | AV106: 5.905771 | AW106: 4.273717 | AX106: 17.71731 | AY106: 0 | AZ106: 0.6412987 | BA106: 8.348166
A107: =COUNTA(C107:Q107)-1 -> 0 | B107: =if(C107="",,AS107) | C107: =if(and(D$3>1,E107=PROSES!$D$22),,D107) | D107: =if(and(F$3>1,F107=PROSES!$B$10),,F107) | E107: =if(F107="",,AS107) | F107: =if(G107=H107,,(G107&H107)) | G107: =if(Z107=PROSES!$E$29,T107,) | H107: =if(X107=PROSES!$E$29,T107,) | I107: =if(J107="",,AS107) | J107: =if(and($K$3>1,R107=PROSES!$C$2),,K107) | K107: =if(and($L$3>1,L107=PROSES!$B$2),,L107) | L107: =if(M107=N107,,(M107&N107)) | M107: =if(Z107=PROSES!$B$3,T107,) | N107: =if(X107=PROSES!$B$3,T107,) | O107: =P107&Q107 | P107: =if(Z107=PROSES!$B$1,T107,) | Q107: =if(X107=PROSES!$B$1,T107,) | R107: =X107&Z107 -> JABABEKABEKASI POWER | T107: BKSPW - JBBKA 1 | U107: region1 | V107: region1 | W107: OHL-150kV-DOVE 1X327.94mm (600A) | X107: JABABEKA | Y107: II-5 | Z107: BEKASI POWER | AA107: I-5 | AD107: 0 | AE107: 1 | AG107: 5.2 | AH107: 1 | AI107: Ground | AJ107: 0 | AM107: 0 | AN107: 0 | AO107: 100 | AP107: 1 | AQ107: 0.6 | AR107: 0.6 | AS107: 2.168942 | AT107: 73.681 | AU107: 0.60944 | AV107: 2.08156 | AW107: 1.38944 | AX107: 6.244679 | AY107: 0 | AZ107: 0.650941 | BA107: 5.70712
A108: =COUNTA(C108:Q108)-1 -> 0 | B108: =if(C108="",,AS108) | C108: =if(and(D$3>1,E108=PROSES!$D$22),,D108) | D108: =if(and(F$3>1,F108=PROSES!$B$10),,F108) | E108: =if(F108="",,AS108) | F108: =if(G108=H108,,(G108&H108)) | G108: =if(Z108=PROSES!$E$29,T108,) | H108: =if(X108=PROSES!$E$29,T108,) | I108: =if(J108="",,AS108) | J108: =if(and($K$3>1,R108=PROSES!$C$2),,K108) | K108: =if(and($L$3>1,L108=PROSES!$B$2),,L108) | L108: =if(M108=N108,,(M108&N108)) | M108: =if(Z108=PROSES!$B$3,T108,) | N108: =if(X108=PROSES!$B$3,T108,) | O108: =P108&Q108 | P108: =if(Z108=PROSES!$B$1,T108,) | Q108: =if(X108=PROSES!$B$1,T108,) | R108: =X108&Z108 -> JABABEKABEKASI POWER | T108: BKSPW - JBBKA 2 | U108: region1 | V108: region1 | W108: OHL-150kV-DOVE 1X327.94mm (600A) | X108: JABABEKA | Y108: II-5 | Z108: BEKASI POWER | AA108: I-5 | AD108: 0 | AE108: 1 | AG108: 5.2 | AH108: 1 | AI108: Ground | AJ108: 0 | AM108: 0 | AN108: 0 | AO108: 100 | AP108: 1 | AQ108: 0.6 | AR108: 0.6 | AS108: 2.168942 | AT108: 73.681 | AU108: 0.60944 | AV108: 2.08156 | AW108: 1.38944 | AX108: 6.244679 | AY108: 0 | AZ108: 0.650941 | BA108: 5.70712
A109: =COUNTA(C109:Q109)-1 -> 0 | B109: =if(C109="",,AS109) | C109: =if(and(D$3>1,E109=PROSES!$D$22),,D109) | D109: =if(and(F$3>1,F109=PROSES!$B$10),,F109) | E109: =if(F109="",,AS109) | F109: =if(G109=H109,,(G109&H109)) | G109: =if(Z109=PROSES!$E$29,T109,) | H109: =if(X109=PROSES!$E$29,T109,) | I109: =if(J109="",,AS109) | J109: =if(and($K$3>1,R109=PROSES!$C$2),,K109) | K109: =if(and($L$3>1,L109=PROSES!$B$2),,L109) | L109: =if(M109=N109,,(M109&N109)) | M109: =if(Z109=PROSES!$B$3,T109,) | N109: =if(X109=PROSES!$B$3,T109,) | O109: =P109&Q109 | P109: =if(Z109=PROSES!$B$1,T109,) | Q109: =if(X109=PROSES!$B$1,T109,) | R109: =X109&Z109 -> LAWANG5BULUKANDANG5 | T109: BLKDN-LWANG | U109: region4 | V109: region4 | W109: OHL-150kV-ACSR AW 330 mm2 (740A) | X109: LAWANG5 | Y109: 5-II | Z109: BULUKANDANG5 | AA109: 5-I | AD109: 0 | AE109: 1 | AG109: 20.91 | AH109: 1 | AI109: Ground | AJ109: 0 | AM109: 0 | AN109: 0 | AO109: 100 | AP109: 1 | AQ109: 0.74 | AR109: 0.74 | AS109: 8.282087 | AT109: 77.04442 | AU109: 1.856808 | AV109: 8.07126 | AW109: 4.99749 | AX109: 24.21378 | AY109: 0 | AZ109: 0.6618785 | BA109: 1.945686
A110: =COUNTA(C110:Q110)-1 -> 0 | B110: =if(C110="",,AS110) | C110: =if(and(D$3>1,E110=PROSES!$D$22),,D110) | D110: =if(and(F$3>1,F110=PROSES!$B$10),,F110) | E110: =if(F110="",,AS110) | F110: =if(G110=H110,,(G110&H110)) | G110: =if(Z110=PROSES!$E$29,T110,) | H110: =if(X110=PROSES!$E$29,T110,) | I110: =if(J110="",,AS110) | J110: =if(and($K$3>1,R110=PROSES!$C$2),,K110) | K110: =if(and($L$3>1,L110=PROSES!$B$2),,L110) | L110: =if(M110=N110,,(M110&N110)) | M110: =if(Z110=PROSES!$B$3,T110,) | N110: =if(X110=PROSES!$B$3,T110,) | O110: =P110&Q110 | P110: =if(Z110=PROSES!$B$1,T110,) | Q110: =if(X110=PROSES!$B$1,T110,) | R110: =X110&Z110 -> BLORACEPU | T110: BLORA-CEPU1 | U110: region3 | V110: region3 | W110: OHL-150kV-HAWK 1x281.1mm (580A) | X110: BLORA | Y110: 2 | Z110: CEPU | AA110: 1 | AD110: 0 | AE110: 1 | AG110: 30.027 | AH110: 1 | AI110: Ground | AJ110: 0 | AM110: 0 | AN110: 0 | AO110: 100 | AP110: 1 | AQ110: 0.58 | AR110: 0.58 | AS110: 12.5992 | AT110: 70.94324 | AU110: 4.113699 | AV110: 11.90871 | AW110: 8.617749 | AX110: 35.72613 | AY110: 0 | AZ110: 0.6412987 | BA110: 8.348166
A111: =COUNTA(C111:Q111)-1 -> 0 | B111: =if(C111="",,AS111) | C111: =if(and(D$3>1,E111=PROSES!$D$22),,D111) | D111: =if(and(F$3>1,F111=PROSES!$B$10),,F111) | E111: =if(F111="",,AS111) | F111: =if(G111=H111,,(G111&H111)) | G111: =if(Z111=PROSES!$E$29,T111,) | H111: =if(X111=PROSES!$E$29,T111,) | I111: =if(J111="",,AS111) | J111: =if(and($K$3>1,R111=PROSES!$C$2),,K111) | K111: =if(and($L$3>1,L111=PROSES!$B$2),,L111) | L111: =if(M111=N111,,(M111&N111)) | M111: =if(Z111=PROSES!$B$3,T111,) | N111: =if(X111=PROSES!$B$3,T111,) | O111: =P111&Q111 | P111: =if(Z111=PROSES!$B$1,T111,) | Q111: =if(X111=PROSES!$B$1,T111,) | R111: =X111&Z111 -> BLORACEPU | T111: BLORA-CEPU2 | U111: region3 | V111: region3 | W111: OHL-150kV-HAWK 1x281.1mm (580A) | X111: BLORA | Y111: 2 | Z111: CEPU | AA111: 1 | AD111: 0 | AE111: 1 | AG111: 30.027 | AH111: 1 | AI111: Ground | AJ111: 0 | AM111: 0 | AN111: 0 | AO111: 100 | AP111: 1 | AQ111: 0.58 | AR111: 0.58 | AS111: 12.5992 | AT111: 70.94324 | AU111: 4.113699 | AV111: 11.90871 | AW111: 8.617749 | AX111: 35.72613 | AY111: 0 | AZ111: 0.6412987 | BA111: 8.348166
A112: =COUNTA(C112:Q112)-1 -> 0 | B112: =if(C112="",,AS112) | C112: =if(and(D$3>1,E112=PROSES!$D$22),,D112) | D112: =if(and(F$3>1,F112=PROSES!$B$10),,F112) | E112: =if(F112="",,AS112) | F112: =if(G112=H112,,(G112&H112)) | G112: =if(Z112=PROSES!$E$29,T112,) | H112: =if(X112=PROSES!$E$29,T112,) | I112: =if(J112="",,AS112) | J112: =if(and($K$3>1,R112=PROSES!$C$2),,K112) | K112: =if(and($L$3>1,L112=PROSES!$B$2),,L112) | L112: =if(M112=N112,,(M112&N112)) | M112: =if(Z112=PROSES!$B$3,T112,) | N112: =if(X112=PROSES!$B$3,T112,) | O112: =P112&Q112 | P112: =if(Z112=PROSES!$B$1,T112,) | Q112: =if(X112=PROSES!$B$1,T112,) | R112: =X112&Z112 -> NEW BALARAJA7 | T112: BLRJA-JAWA7 1.1 | U112: region2 | V112: region2 | W112: OHL-500kV-ACSR-DOVE 4X282/46 mm (2808A) | X112: NEW BALARAJA7 | Y112: 7-A | AA112: Terminal(24) | AD112: 0 | AE112: 1 | AG112: 62 | AH112: 1 | AI112: Ground | AJ112: 0 | AM112: 0 | AN112: 0 | AO112: 100 | AP112: 1 | AQ112: 2.808 | AR112: 2.808 | AS112: 17.13628 | AT112: 84.24815 | AU112: 1.7174 | AV112: 17.05 | AW112: 10.5307 | AX112: 49.7364 | AY112: 0 | AZ112: 0.6585197 | BA112: -9.338076
A113: =COUNTA(C113:Q113)-1 -> 0 | B113: =if(C113="",,AS113) | C113: =if(and(D$3>1,E113=PROSES!$D$22),,D113) | D113: =if(and(F$3>1,F113=PROSES!$B$10),,F113) | E113: =if(F113="",,AS113) | F113: =if(G113=H113,,(G113&H113)) | G113: =if(Z113=PROSES!$E$29,T113,) | H113: =if(X113=PROSES!$E$29,T113,) | I113: =if(J113="",,AS113) | J113: =if(and($K$3>1,R113=PROSES!$C$2),,K113) | K113: =if(and($L$3>1,L113=PROSES!$B$2),,L113) | L113: =if(M113=N113,,(M113&N113)) | M113: =if(Z113=PROSES!$B$3,T113,) | N113: =if(X113=PROSES!$B$3,T113,) | O113: =P113&Q113 | P113: =if(Z113=PROSES!$B$1,T113,) | Q113: =if(X113=PROSES!$B$1,T113,) | R113: =X113&Z113 -> PLTGU JAWA7 | T113: BLRJA-JAWA7 1.2 | U113: region2 | V113: region2 | W113: OHL-500kV-ACCC-DOVE 4X282mm (4320A) | Y113: Terminal(24) | Z113: PLTGU JAWA7 | AA113: 7-A | AD113: 0 | AE113: 1 | AG113: 1.543 | AH113: 1 | AI113: Ground | AJ113: 0 | AM113: 0 | AN113: 0 | AO113: 100 | AP113: 1 | AQ113: 4.32 | AR113: 4.32 | AS113: 0.4613908 | AT113: 85.26182 | AU113: 0.0381121 | AV113: 0.459814 | AW113: 0.2695621 | AX113: 1.379442 | AY113: 0 | AZ113: 0.6851071 | BA113: -9.388506
A114: =COUNTA(C114:Q114)-1 -> 0 | B114: =if(C114="",,AS114) | C114: =if(and(D$3>1,E114=PROSES!$D$22),,D114) | D114: =if(and(F$3>1,F114=PROSES!$B$10),,F114) | E114: =if(F114="",,AS114) | F114: =if(G114=H114,,(G114&H114)) | G114: =if(Z114=PROSES!$E$29,T114,) | H114: =if(X114=PROSES!$E$29,T114,) | I114: =if(J114="",,AS114) | J114: =if(and($K$3>1,R114=PROSES!$C$2),,K114) | K114: =if(and($L$3>1,L114=PROSES!$B$2),,L114) | L114: =if(M114=N114,,(M114&N114)) | M114: =if(Z114=PROSES!$B$3,T114,) | N114: =if(X114=PROSES!$B$3,T114,) | O114: =P114&Q114 | P114: =if(Z114=PROSES!$B$1,T114,) | Q114: =if(X114=PROSES!$B$1,T114,) | R114: =X114&Z114 -> NEW BALARAJA7 | T114: BLRJA-JAWA7 2.1 | U114: region2 | V114: region2 | W114: OHL-500kV-ACSR-DOVE 4X282/46 mm (2808A) | X114: NEW BALARAJA7 | Y114: 7-A | AA114: Terminal(25) | AD114: 0 | AE114: 1 | AG114: 62 | AH114: 1 | AI114: Ground | AJ114: 0 | AM114: 0 | AN114: 0 | AO114: 100 | AP114: 1 | AQ114: 2.808 | AR114: 2.808 | AS114: 17.13628 | AT114: 84.24815 | AU114: 1.7174 | AV114: 17.05 | AW114: 10.5307 | AX114: 49.7364 | AY114: 0 | AZ114: 0.6585197 | BA114: -9.338076
A115: =COUNTA(C115:Q115)-1 -> 0 | B115: =if(C115="",,AS115) | C115: =if(and(D$3>1,E115=PROSES!$D$22),,D115) | D115: =if(and(F$3>1,F115=PROSES!$B$10),,F115) | E115: =if(F115="",,AS115) | F115: =if(G115=H115,,(G115&H115)) | G115: =if(Z115=PROSES!$E$29,T115,) | H115: =if(X115=PROSES!$E$29,T115,) | I115: =if(J115="",,AS115) | J115: =if(and($K$3>1,R115=PROSES!$C$2),,K115) | K115: =if(and($L$3>1,L115=PROSES!$B$2),,L115) | L115: =if(M115=N115,,(M115&N115)) | M115: =if(Z115=PROSES!$B$3,T115,) | N115: =if(X115=PROSES!$B$3,T115,) | O115: =P115&Q115 | P115: =if(Z115=PROSES!$B$1,T115,) | Q115: =if(X115=PROSES!$B$1,T115,) | R115: =X115&Z115 -> PLTGU JAWA7 | T115: BLRJA-JAWA7 2.2 | U115: region2 | V115: region2 | W115: OHL-500kV-ACCC-DOVE 4X282mm (4320A) | Y115: Terminal(25) | Z115: PLTGU JAWA7 | AA115: 7-A | AD115: 0 | AE115: 1 | AG115: 1.543 | AH115: 1 | AI115: Ground | AJ115: 0 | AM115: 0 | AN115: 0 | AO115: 100 | AP115: 1 | AQ115: 4.32 | AR115: 4.32 | AS115: 0.4613908 | AT115: 85.26182 | AU115: 0.0381121 | AV115: 0.459814 | AW115: 0.2695621 | AX115: 1.379442 | AY115: 0 | AZ115: 0.6851071 | BA115: -9.388506
A116: =COUNTA(C116:Q116)-1 -> 0 | B116: =if(C116="",,AS116) | C116: =if(and(D$3>1,E116=PROSES!$D$22),,D116) | D116: =if(and(F$3>1,F116=PROSES!$B$10),,F116) | E116: =if(F116="",,AS116) | F116: =if(G116=H116,,(G116&H116)) | G116: =if(Z116=PROSES!$E$29,T116,) | H116: =if(X116=PROSES!$E$29,T116,) | I116: =if(J116="",,AS116) | J116: =if(and($K$3>1,R116=PROSES!$C$2),,K116) | K116: =if(and($L$3>1,L116=PROSES!$B$2),,L116) | L116: =if(M116=N116,,(M116&N116)) | M116: =if(Z116=PROSES!$B$3,T116,) | N116: =if(X116=PROSES!$B$3,T116,) | O116: =P116&Q116 | P116: =if(Z116=PROSES!$B$1,T116,) | Q116: =if(X116=PROSES!$B$1,T116,) | R116: =X116&Z116 -> NEW BALARAJA5BALARAJA | T116: BLRJA-NBLRJA 1 | U116: region1 | V116: region1 | W116: OHL-150kV-ZEBRA 4X428.9 mm (3000A) | X116: NEW BALARAJA5 | Y116: 43501 | Z116: BALARAJA | AA116: I-5 | AD116: 0 | AE116: 1 | AG116: 7.2 | AH116: 1 | AI116: Ground | AJ116: 0 | AM116: 0 | AN116: 0 | AO116: 100 | AP116: 1 | AQ116: 3 | AR116: 3 | AS116: 1.930577 | AT116: 85.75453 | AU116: 0.14292 | AV116: 1.92528 | AW116: 1.22292 | AX116: 5.77584 | AY116: 0 | AZ116: 0.6904932 | BA116: -11.4222
A117: =COUNTA(C117:Q117)-1 -> 0 | B117: =if(C117="",,AS117) | C117: =if(and(D$3>1,E117=PROSES!$D$22),,D117) | D117: =if(and(F$3>1,F117=PROSES!$B$10),,F117) | E117: =if(F117="",,AS117) | F117: =if(G117=H117,,(G117&H117)) | G117: =if(Z117=PROSES!$E$29,T117,) | H117: =if(X117=PROSES!$E$29,T117,) | I117: =if(J117="",,AS117) | J117: =if(and($K$3>1,R117=PROSES!$C$2),,K117) | K117: =if(and($L$3>1,L117=PROSES!$B$2),,L117) | L117: =if(M117=N117,,(M117&N117)) | M117: =if(Z117=PROSES!$B$3,T117,) | N117: =if(X117=PROSES!$B$3,T117,) | O117: =P117&Q117 | P117: =if(Z117=PROSES!$B$1,T117,) | Q117: =if(X117=PROSES!$B$1,T117,) | R117: =X117&Z117 -> NEW BALARAJA5BALARAJA | T117: BLRJA-NBLRJA 2 | U117: region1 | V117: region1 | W117: OHL-150kV-ZEBRA 4X428.9 mm (3000A) | X117: NEW BALARAJA5 | Y117: 43501 | Z117: BALARAJA | AA117: I-5 | AD117: 0 | AE117: 1 | AG117: 7.2 | AH117: 1 | AI117: Ground | AJ117: 0 | AM117: 0 | AN117: 0 | AO117: 100 | AP117: 1 | AQ117: 3 | AR117: 3 | AS117: 1.930577 | AT117: 85.75453 | AU117: 0.14292 | AV117: 1.92528 | AW117: 1.22292 | AX117: 5.77584 | AY117: 0 | AZ117: 0.6904932 | BA117: -11.4222
A118: =COUNTA(C118:Q118)-1 -> 0 | B118: =if(C118="",,AS118) | C118: =if(and(D$3>1,E118=PROSES!$D$22),,D118) | D118: =if(and(F$3>1,F118=PROSES!$B$10),,F118) | E118: =if(F118="",,AS118) | F118: =if(G118=H118,,(G118&H118)) | G118: =if(Z118=PROSES!$E$29,T118,) | H118: =if(X118=PROSES!$E$29,T118,) | I118: =if(J118="",,AS118) | J118: =if(and($K$3>1,R118=PROSES!$C$2),,K118) | K118: =if(and($L$3>1,L118=PROSES!$B$2),,L118) | L118: =if(M118=N118,,(M118&N118)) | M118: =if(Z118=PROSES!$B$3,T118,) | N118: =if(X118=PROSES!$B$3,T118,) | O118: =P118&Q118 | P118: =if(Z118=PROSES!$B$1,T118,) | Q118: =if(X118=PROSES!$B$1,T118,) | R118: =X118&Z118 -> GIS BANDARA | T118: BNDAR - TX NSDUA | U118: Bali | V118: Bali | W118: CAB-150kV-CU 1000mm (1150A) | Y118: TERM PKLOD(1) | Z118: GIS BANDARA | AA118: 5-I | AD118: 0 | AE118: 1 | AG118: 2.3 | AH118: 1 | AI118: Ground | AJ118: 0 | AM118: 0 | AN118: 0 | AO118: 100 | AP118: 1 | AQ118: 1.15 | AR118: 1.15 | AS118: 0.2446854 | AT118: 77.84506 | AU118: 0.05152 | AV118: 0.2392 | AW118: 0.39652 | AX118: 0.7176 | AY118: 0 | AZ118: 0.8035125 | BA118: -23.64246
A119: =COUNTA(C119:Q119)-1 -> 0 | B119: =if(C119="",,AS119) | C119: =if(and(D$3>1,E119=PROSES!$D$22),,D119) | D119: =if(and(F$3>1,F119=PROSES!$B$10),,F119) | E119: =if(F119="",,AS119) | F119: =if(G119=H119,,(G119&H119)) | G119: =if(Z119=PROSES!$E$29,T119,) | H119: =if(X119=PROSES!$E$29,T119,) | I119: =if(J119="",,AS119) | J119: =if(and($K$3>1,R119=PROSES!$C$2),,K119) | K119: =if(and($L$3>1,L119=PROSES!$B$2),,L119) | L119: =if(M119=N119,,(M119&N119)) | M119: =if(Z119=PROSES!$B$3,T119,) | N119: =if(X119=PROSES!$B$3,T119,) | O119: =P119&Q119 | P119: =if(Z119=PROSES!$B$1,T119,) | Q119: =if(X119=PROSES!$B$1,T119,) | R119: =X119&Z119 -> GIS BANDARA | T119: BNDAR-TERM PKLOD | U119: Bali | V119: Bali | W119: CAB-150kV-CU 1000mm (1150A) | X119: GIS BANDARA | Y119: 5-I | AA119: TERM PKLOD | AD119: 0 | AE119: 1 | AG119: 2.3 | AH119: 1 | AI119: Ground | AJ119: 0 | AM119: 0 | AN119: 0 | AO119: 100 | AP119: 1 | AQ119: 1.15 | AR119: 1.15 | AS119: 0.2446854 | AT119: 77.84506 | AU119: 0.05152 | AV119: 0.2392 | AW119: 0.39652 | AX119: 0.7176 | AY119: 0 | AZ119: 0.8035125 | BA119: -23.64246
A120: =COUNTA(C120:Q120)-1 -> 0 | B120: =if(C120="",,AS120) | C120: =if(and(D$3>1,E120=PROSES!$D$22),,D120) | D120: =if(and(F$3>1,F120=PROSES!$B$10),,F120) | E120: =if(F120="",,AS120) | F120: =if(G120=H120,,(G120&H120)) | G120: =if(Z120=PROSES!$E$29,T120,) | H120: =if(X120=PROSES!$E$29,T120,) | I120: =if(J120="",,AS120) | J120: =if(and($K$3>1,R120=PROSES!$C$2),,K120) | K120: =if(and($L$3>1,L120=PROSES!$B$2),,L120) | L120: =if(M120=N120,,(M120&N120)) | M120: =if(Z120=PROSES!$B$3,T120,) | N120: =if(X120=PROSES!$B$3,T120,) | O120: =P120&Q120 | P120: =if(Z120=PROSES!$B$1,T120,) | Q120: =if(X120=PROSES!$B$1,T120,) | R120: =X120&Z120 -> BONDOWOSO5JEMBER5 | T120: BNDWS-JMBER 1 | U120: region4 | V120: region4 | W120: OHL-150kV-ACSR AW 330 mm2 (740A) | X120: BONDOWOSO5 | Y120: 5-I | Z120: JEMBER5 | AA120: 5-I | AD120: 0 | AE120: 1 | AG120: 40.454 | AH120: 1 | AI120: Ground | AJ120: 0 | AM120: 0 | AN120: 0 | AO120: 100 | AP120: 1 | AQ120: 0.74 | AR120: 0.74 | AS120: 16.02313 | AT120: 77.04442 | AU120: 3.592315 | AV120: 15.61524 | AW120: 9.668506 | AX120: 46.84573 | AY120: 0 | AZ120: 0.6618785 | BA120: 1.945686
A121: =COUNTA(C121:Q121)-1 -> 0 | B121: =if(C121="",,AS121) | C121: =if(and(D$3>1,E121=PROSES!$D$22),,D121) | D121: =if(and(F$3>1,F121=PROSES!$B$10),,F121) | E121: =if(F121="",,AS121) | F121: =if(G121=H121,,(G121&H121)) | G121: =if(Z121=PROSES!$E$29,T121,) | H121: =if(X121=PROSES!$E$29,T121,) | I121: =if(J121="",,AS121) | J121: =if(and($K$3>1,R121=PROSES!$C$2),,K121) | K121: =if(and($L$3>1,L121=PROSES!$B$2),,L121) | L121: =if(M121=N121,,(M121&N121)) | M121: =if(Z121=PROSES!$B$3,T121,) | N121: =if(X121=PROSES!$B$3,T121,) | O121: =P121&Q121 | P121: =if(Z121=PROSES!$B$1,T121,) | Q121: =if(X121=PROSES!$B$1,T121,) | R121: =X121&Z121 -> BONDOWOSO5JEMBER5 | T121: BNDWS-JMBER 2 | U121: region4 | V121: region4 | W121: OHL-150kV-ACSR AW 330 mm2 (740A) | X121: BONDOWOSO5 | Y121: 5-II | Z121: JEMBER5 | AA121: 5-II | AD121: 0 | AE121: 1 | AG121: 40.454 | AH121: 1 | AI121: Ground | AJ121: 0 | AM121: 0 | AN121: 0 | AO121: 100 | AP121: 1 | AQ121: 0.74 | AR121: 0.74 | AS121: 16.02313 | AT121: 77.04442 | AU121: 3.592315 | AV121: 15.61524 | AW121: 9.668506 | AX121: 46.84573 | AY121: 0 | AZ121: 0.6618785 | BA121: 1.945686
A122: =COUNTA(C122:Q122)-1 -> 0 | B122: =if(C122="",,AS122) | C122: =if(and(D$3>1,E122=PROSES!$D$22),,D122) | D122: =if(and(F$3>1,F122=PROSES!$B$10),,F122) | E122: =if(F122="",,AS122) | F122: =if(G122=H122,,(G122&H122)) | G122: =if(Z122=PROSES!$E$29,T122,) | H122: =if(X122=PROSES!$E$29,T122,) | I122: =if(J122="",,AS122) | J122: =if(and($K$3>1,R122=PROSES!$C$2),,K122) | K122: =if(and($L$3>1,L122=PROSES!$B$2),,L122) | L122: =if(M122=N122,,(M122&N122)) | M122: =if(Z122=PROSES!$B$3,T122,) | N122: =if(X122=PROSES!$B$3,T122,) | O122: =P122&Q122 | P122: =if(Z122=PROSES!$B$1,T122,) | Q122: =if(X122=PROSES!$B$1,T122,) | R122: =X122&Z122 -> BANGIL5BUMICOKRO5 | T122: BNGIL-BCKRO 1 | U122: region4 | V122: region4 | W122: OHL-150kV-ZEBRA 2X484.5mm (1620A) | X122: BANGIL5 | Y122: 5-II | Z122: BUMICOKRO5 | AA122: 5-I | AD122: 0 | AE122: 1 | AG122: 6.2 | AH122: 1 | AI122: Ground | AJ122: 0 | AM122: 0 | AN122: 0 | AO122: 100 | AP122: 1 | AQ122: 1.62 | AR122: 1.62 | AS122: 1.756802 | AT122: 82.15014 | AU122: 0.23994 | AV122: 1.74034 | AW122: 1.16994 | AX122: 5.22102 | AY122: 0 | AZ122: 0.683587 | BA122: -7.109503
A123: =COUNTA(C123:Q123)-1 -> 0 | B123: =if(C123="",,AS123) | C123: =if(and(D$3>1,E123=PROSES!$D$22),,D123) | D123: =if(and(F$3>1,F123=PROSES!$B$10),,F123) | E123: =if(F123="",,AS123) | F123: =if(G123=H123,,(G123&H123)) | G123: =if(Z123=PROSES!$E$29,T123,) | H123: =if(X123=PROSES!$E$29,T123,) | I123: =if(J123="",,AS123) | J123: =if(and($K$3>1,R123=PROSES!$C$2),,K123) | K123: =if(and($L$3>1,L123=PROSES!$B$2),,L123) | L123: =if(M123=N123,,(M123&N123)) | M123: =if(Z123=PROSES!$B$3,T123,) | N123: =if(X123=PROSES!$B$3,T123,) | O123: =P123&Q123 | P123: =if(Z123=PROSES!$B$1,T123,) | Q123: =if(X123=PROSES!$B$1,T123,) | R123: =X123&Z123 -> BANGIL5BUMICOKRO5 | T123: BNGIL-BCKRO 2 | U123: region4 | V123: region4 | W123: OHL-150kV-ZEBRA 2X484.5mm (1620A) | X123: BANGIL5 | Y123: 5-II | Z123: BUMICOKRO5 | AA123: 5-I | AD123: 0 | AE123: 1 | AG123: 6.2 | AH123: 1 | AI123: Ground | AJ123: 0 | AM123: 0 | AN123: 0 | AO123: 100 | AP123: 1 | AQ123: 1.62 | AR123: 1.62 | AS123: 1.756802 | AT123: 82.15014 | AU123: 0.23994 | AV123: 1.74034 | AW123: 1.16994 | AX123: 5.22102 | AY123: 0 | AZ123: 0.683587 | BA123: -7.109503
A124: =COUNTA(C124:Q124)-1 -> 0 | B124: =if(C124="",,AS124) | C124: =if(and(D$3>1,E124=PROSES!$D$22),,D124) | D124: =if(and(F$3>1,F124=PROSES!$B$10),,F124) | E124: =if(F124="",,AS124) | F124: =if(G124=H124,,(G124&H124)) | G124: =if(Z124=PROSES!$E$29,T124,) | H124: =if(X124=PROSES!$E$29,T124,) | I124: =if(J124="",,AS124) | J124: =if(and($K$3>1,R124=PROSES!$C$2),,K124) | K124: =if(and($L$3>1,L124=PROSES!$B$2),,L124) | L124: =if(M124=N124,,(M124&N124)) | M124: =if(Z124=PROSES!$B$3,T124,) | N124: =if(X124=PROSES!$B$3,T124,) | O124: =P124&Q124 | P124: =if(Z124=PROSES!$B$1,T124,) | Q124: =if(X124=PROSES!$B$1,T124,) | R124: =X124&Z124 -> BUDURAN4BANGIL4 | T124: BNGIL-BDRAN | U124: region4 | V124: region4 | W124: OHL-70kV-ACSR/PIPER 187.5mm (440A) | X124: BUDURAN4 | Y124: - 4-I | Z124: BANGIL4 | AA124: - 4-II | AD124: 1 | AE124: 1 | AG124: 15.05 | AH124: 1 | AI124: Ground | AJ124: 0 | AM124: 0 | AN124: 0 | AO124: 100 | AP124: 1 | AQ124: 0.44 | AR124: 0.44 | AS124: 6.670441 | AT124: 60.53732 | AU124: 3.2809 | AV124: 5.807795 | AW124: 5.5384 | AX124: 17.42338 | AY124: 0 | AZ124: 0.5913117 | BA124: 18.4643
A125: =COUNTA(C125:Q125)-1 -> 0 | B125: =if(C125="",,AS125) | C125: =if(and(D$3>1,E125=PROSES!$D$22),,D125) | D125: =if(and(F$3>1,F125=PROSES!$B$10),,F125) | E125: =if(F125="",,AS125) | F125: =if(G125=H125,,(G125&H125)) | G125: =if(Z125=PROSES!$E$29,T125,) | H125: =if(X125=PROSES!$E$29,T125,) | I125: =if(J125="",,AS125) | J125: =if(and($K$3>1,R125=PROSES!$C$2),,K125) | K125: =if(and($L$3>1,L125=PROSES!$B$2),,L125) | L125: =if(M125=N125,,(M125&N125)) | M125: =if(Z125=PROSES!$B$3,T125,) | N125: =if(X125=PROSES!$B$3,T125,) | O125: =P125&Q125 | P125: =if(Z125=PROSES!$B$1,T125,) | Q125: =if(X125=PROSES!$B$1,T125,) | R125: =X125&Z125 -> BANGIL4BLIMBING4 | T125: BNGIL-BLBNG | U125: region4 | V125: region4 | W125: OHL-70kV-ACSR/PIGEON 99.22mm (310A) | X125: BANGIL4 | Y125: - 4-I | Z125: BLIMBING4 | AA125: 4-I | AD125: 0 | AE125: 1 | AG125: 40 | AH125: 0.95 | AI125: Ground | AJ125: 0 | AM125: 0 | AN125: 0 | AO125: 100 | AP125: 1 | AQ125: 0.2945 | AR125: 0.2945 | AS125: 21.03257 | AT125: 42.67244 | AU125: 15.464 | AV125: 14.256 | AW125: 21.464 | AX125: 42.768 | AY125: 0 | AZ125: 0.4617676 | BA125: 35.44377
A126: =COUNTA(C126:Q126)-1 -> 0 | B126: =if(C126="",,AS126) | C126: =if(and(D$3>1,E126=PROSES!$D$22),,D126) | D126: =if(and(F$3>1,F126=PROSES!$B$10),,F126) | E126: =if(F126="",,AS126) | F126: =if(G126=H126,,(G126&H126)) | G126: =if(Z126=PROSES!$E$29,T126,) | H126: =if(X126=PROSES!$E$29,T126,) | I126: =if(J126="",,AS126) | J126: =if(and($K$3>1,R126=PROSES!$C$2),,K126) | K126: =if(and($L$3>1,L126=PROSES!$B$2),,L126) | L126: =if(M126=N126,,(M126&N126)) | M126: =if(Z126=PROSES!$B$3,T126,) | N126: =if(X126=PROSES!$B$3,T126,) | O126: =P126&Q126 | P126: =if(Z126=PROSES!$B$1,T126,) | Q126: =if(X126=PROSES!$B$1,T126,) | R126: =X126&Z126 -> BANGIL5BULUKANDANG5 | T126: BNGIL-BLKDN | U126: region4 | V126: region4 | W126: OHL-150kV-DOVE 1X327.94mm (600A) | X126: BANGIL5 | Y126: 5-II | Z126: BULUKANDANG5 | AA126: 5-I | AD126: 0 | AE126: 1 | AG126: 27.77 | AH126: 1 | AI126: Ground | AJ126: 0 | AM126: 0 | AN126: 0 | AO126: 100 | AP126: 1 | AQ126: 0.6 | AR126: 0.6 | AS126: 11.58298 | AT126: 73.681 | AU126: 3.254644 | AV126: 11.11633 | AW126: 7.420144 | AX126: 33.34899 | AY126: 0 | AZ126: 0.650941 | BA126: 5.70712
A127: =COUNTA(C127:Q127)-1 -> 0 | B127: =if(C127="",,AS127) | C127: =if(and(D$3>1,E127=PROSES!$D$22),,D127) | D127: =if(and(F$3>1,F127=PROSES!$B$10),,F127) | E127: =if(F127="",,AS127) | F127: =if(G127=H127,,(G127&H127)) | G127: =if(Z127=PROSES!$E$29,T127,) | H127: =if(X127=PROSES!$E$29,T127,) | I127: =if(J127="",,AS127) | J127: =if(and($K$3>1,R127=PROSES!$C$2),,K127) | K127: =if(and($L$3>1,L127=PROSES!$B$2),,L127) | L127: =if(M127=N127,,(M127&N127)) | M127: =if(Z127=PROSES!$B$3,T127,) | N127: =if(X127=PROSES!$B$3,T127,) | O127: =P127&Q127 | P127: =if(Z127=PROSES!$B$1,T127,) | Q127: =if(X127=PROSES!$B$1,T127,) | R127: =X127&Z127 -> GONDANGWETAN5BANGIL5 | T127: BNGIL-GDTAN 1 | U127: region4 | V127: region4 | W127: OHL-150kV-DOVE 1X327.94mm (600A) | X127: GONDANGWETAN5 | Y127: 5-II | Z127: BANGIL5 | AA127: 5-II | AD127: 0 | AE127: 1 | AG127: 16.806 | AH127: 1 | AI127: Ground | AJ127: 0 | AM127: 0 | AN127: 0 | AO127: 100 | AP127: 1 | AQ127: 0.6 | AR127: 0.6 | AS127: 7.009853 | AT127: 73.681 | AU127: 1.969663 | AV127: 6.727442 | AW127: 4.490563 | AX127: 20.18233 | AY127: 0 | AZ127: 0.650941 | BA127: 5.70712
A128: =COUNTA(C128:Q128)-1 -> 0 | B128: =if(C128="",,AS128) | C128: =if(and(D$3>1,E128=PROSES!$D$22),,D128) | D128: =if(and(F$3>1,F128=PROSES!$B$10),,F128) | E128: =if(F128="",,AS128) | F128: =if(G128=H128,,(G128&H128)) | G128: =if(Z128=PROSES!$E$29,T128,) | H128: =if(X128=PROSES!$E$29,T128,) | I128: =if(J128="",,AS128) | J128: =if(and($K$3>1,R128=PROSES!$C$2),,K128) | K128: =if(and($L$3>1,L128=PROSES!$B$2),,L128) | L128: =if(M128=N128,,(M128&N128)) | M128: =if(Z128=PROSES!$B$3,T128,) | N128: =if(X128=PROSES!$B$3,T128,) | O128: =P128&Q128 | P128: =if(Z128=PROSES!$B$1,T128,) | Q128: =if(X128=PROSES!$B$1,T128,) | R128: =X128&Z128 -> GONDANGWETAN5BANGIL5 | T128: BNGIL-GDTAN 2 | U128: region4 | V128: region4 | W128: OHL-150kV-DOVE 1X327.94mm (600A) | X128: GONDANGWETAN5 | Y128: 5-II | Z128: BANGIL5 | AA128: 5-II | AD128: 0 | AE128: 1 | AG128: 16.806 | AH128: 1 | AI128: Ground | AJ128: 0 | AM128: 0 | AN128: 0 | AO128: 100 | AP128: 1 | AQ128: 0.6 | AR128: 0.6 | AS128: 7.009853 | AT128: 73.681 | AU128: 1.969663 | AV128: 6.727442 | AW128: 4.490563 | AX128: 20.18233 | AY128: 0 | AZ128: 0.650941 | BA128: 5.70712
A129: =COUNTA(C129:Q129)-1 -> 0 | B129: =if(C129="",,AS129) | C129: =if(and(D$3>1,E129=PROSES!$D$22),,D129) | D129: =if(and(F$3>1,F129=PROSES!$B$10),,F129) | E129: =if(F129="",,AS129) | F129: =if(G129=H129,,(G129&H129)) | G129: =if(Z129=PROSES!$E$29,T129,) | H129: =if(X129=PROSES!$E$29,T129,) | I129: =if(J129="",,AS129) | J129: =if(and($K$3>1,R129=PROSES!$C$2),,K129) | K129: =if(and($L$3>1,L129=PROSES!$B$2),,L129) | L129: =if(M129=N129,,(M129&N129)) | M129: =if(Z129=PROSES!$B$3,T129,) | N129: =if(X129=PROSES!$B$3,T129,) | O129: =P129&Q129 | P129: =if(Z129=PROSES!$B$1,T129,) | Q129: =if(X129=PROSES!$B$1,T129,) | R129: =X129&Z129 -> BANGIL5LAWANG5 | T129: BNGIL-LWANG | U129: region4 | V129: region4 | W129: OHL-150kV-ACSR AW 330 mm2 (740A) | X129: BANGIL5 | Y129: 5-II | Z129: LAWANG5 | AA129: 5-I | AD129: 0 | AE129: 1 | AG129: 31.861 | AH129: 1 | AI129: Ground | AJ129: 0 | AM129: 0 | AN129: 0 | AO129: 100 | AP129: 1 | AQ129: 0.74 | AR129: 0.74 | AS129: 12.61959 | AT129: 77.04442 | AU129: 2.829257 | AV129: 12.29835 | AW129: 7.614779 | AX129: 36.89504 | AY129: 0 | AZ129: 0.6618785 | BA129: 1.945686
A130: =COUNTA(C130:Q130)-1 -> 0 | B130: =if(C130="",,AS130) | C130: =if(and(D$3>1,E130=PROSES!$D$22),,D130) | D130: =if(and(F$3>1,F130=PROSES!$B$10),,F130) | E130: =if(F130="",,AS130) | F130: =if(G130=H130,,(G130&H130)) | G130: =if(Z130=PROSES!$E$29,T130,) | H130: =if(X130=PROSES!$E$29,T130,) | I130: =if(J130="",,AS130) | J130: =if(and($K$3>1,R130=PROSES!$C$2),,K130) | K130: =if(and($L$3>1,L130=PROSES!$B$2),,L130) | L130: =if(M130=N130,,(M130&N130)) | M130: =if(Z130=PROSES!$B$3,T130,) | N130: =if(X130=PROSES!$B$3,T130,) | O130: =P130&Q130 | P130: =if(Z130=PROSES!$B$1,T130,) | Q130: =if(X130=PROSES!$B$1,T130,) | R130: =X130&Z130 -> BANGIL4PANDAAN4 | T130: BNGIL-PDAAN 1 | U130: region4 | V130: region4 | W130: OHL-70kV-ACSR/OSTRICH 176.7mm (440A) | X130: BANGIL4 | Y130: 4-I | Z130: PANDAAN4 | AA130: 4-I | AD130: 0 | AE130: 1 | AG130: 9.7 | AH130: 1 | AI130: Ground | AJ130: 0 | AM130: 0 | AN130: 0 | AO130: 100 | AP130: 1 | AQ130: 0.44 | AR130: 0.44 | AS130: 4.306982 | AT130: 60.66966 | AU130: 2.10975 | AV130: 3.75487 | AW130: 3.56475 | AX130: 11.26461 | AY130: 0 | AZ130: 0.5920149 | BA130: 18.36523
A131: =COUNTA(C131:Q131)-1 -> 0 | B131: =if(C131="",,AS131) | C131: =if(and(D$3>1,E131=PROSES!$D$22),,D131) | D131: =if(and(F$3>1,F131=PROSES!$B$10),,F131) | E131: =if(F131="",,AS131) | F131: =if(G131=H131,,(G131&H131)) | G131: =if(Z131=PROSES!$E$29,T131,) | H131: =if(X131=PROSES!$E$29,T131,) | I131: =if(J131="",,AS131) | J131: =if(and($K$3>1,R131=PROSES!$C$2),,K131) | K131: =if(and($L$3>1,L131=PROSES!$B$2),,L131) | L131: =if(M131=N131,,(M131&N131)) | M131: =if(Z131=PROSES!$B$3,T131,) | N131: =if(X131=PROSES!$B$3,T131,) | O131: =P131&Q131 | P131: =if(Z131=PROSES!$B$1,T131,) | Q131: =if(X131=PROSES!$B$1,T131,) | R131: =X131&Z131 -> BANGIL4PANDAAN4 | T131: BNGIL-PDAAN 2 | U131: region4 | V131: region4 | W131: OHL-70kV-ACSR/OSTRICH 176.7mm (440A) | X131: BANGIL4 | Y131: 4-I | Z131: PANDAAN4 | AA131: 4-II | AD131: 0 | AE131: 1 | AG131: 9.7 | AH131: 1 | AI131: Ground | AJ131: 0 | AM131: 0 | AN131: 0 | AO131: 100 | AP131: 1 | AQ131: 0.44 | AR131: 0.44 | AS131: 4.306982 | AT131: 60.66966 | AU131: 2.10975 | AV131: 3.75487 | AW131: 3.56475 | AX131: 11.26461 | AY131: 0 | AZ131: 0.5920149 | BA131: 18.36523
... A145: =COUNTA(C145:Q145)-1 -> 0 | B145: =if(C145="",,AS145) | C145: =if(and(D$3>1,E145=PROSES!$D$22),,D145) | D145: =if(and(F$3>1,F145=PROSES!$B$10),,F145) | E145: =if(F145="",,AS145) | F145: =if(G145=H145,,(G145&H145)) | G145: =if(Z145=PROSES!$E$29,T145,) | H145: =if(X145=PROSES!$E$29,T145,) | I145: =if(J145="",,AS145) | J145: =if(and($K$3>1,R145=PROSES!$C$2),,K145) | K145: =if(and($L$3>1,L145=PROSES!$B$2),,L145) | L145: =if(M145=N145,,(M145&N145)) | M145: =if(Z145=PROSES!$B$3,T145,) | N145: =if(X145=PROSES!$B$3,T145,) | O145: =P145&Q145 | P145: =if(Z145=PROSES!$B$1,T145,) | Q145: =if(X145=PROSES!$B$1,T145,) | R145: =X145&Z145 -> BINTAROBINTARO2 | T145: BNTRO-BNTRO2 2 | U145: region1 | V145: region1 | W145: CAB-150kV-CU 800mm (920A) | X145: BINTARO | Y145: I-5 | Z145: BINTARO2 | AA145: I-5 | AD145: 0 | AE145: 1 | AG145: 4.4 | AH145: 1 | AI145: Ground | AJ145: 0 | AM145: 0 | AN145: 0 | AO145: 100 | AP145: 1 | AQ145: 0.92 | AR145: 0.92 | AS145: 0.5050719 | AT145: 72.87525 | AU145: 0.14872 | AV145: 0.48268 | AW145: 0.80872 | AX145: 1.44804 | AY145: 0 | AZ145: 0.771778 | BA145: -17.23499
A146: =COUNTA(C146:Q146)-1 -> 0 | B146: =if(C146="",,AS146) | C146: =if(and(D$3>1,E146=PROSES!$D$22),,D146) | D146: =if(and(F$3>1,F146=PROSES!$B$10),,F146) | E146: =if(F146="",,AS146) | F146: =if(G146=H146,,(G146&H146)) | G146: =if(Z146=PROSES!$E$29,T146,) | H146: =if(X146=PROSES!$E$29,T146,) | I146: =if(J146="",,AS146) | J146: =if(and($K$3>1,R146=PROSES!$C$2),,K146) | K146: =if(and($L$3>1,L146=PROSES!$B$2),,L146) | L146: =if(M146=N146,,(M146&N146)) | M146: =if(Z146=PROSES!$B$3,T146,) | N146: =if(X146=PROSES!$B$3,T146,) | O146: =P146&Q146 | P146: =if(Z146=PROSES!$B$1,T146,) | Q146: =if(X146=PROSES!$B$1,T146,) | R146: =X146&Z146 -> SERPONGBINTARO | T146: BNTRO-SPONG | U146: region1 | V146: region1 | W146: OHL-150kV-HVCRC-HAWK 1x310mm2 (1251A) | X146: SERPONG | Y146: 43470 | Z146: BINTARO | AA146: I-5 | AD146: 0 | AE146: 1 | AG146: 15.65 | AH146: 1 | AI146: Ground | AJ146: 0 | AM146: 0 | AN146: 0 | AO146: 100 | AP146: 1 | AQ146: 1.251 | AR146: 1.251 | AS146: 7.329314 | AT146: 78.5461 | AU146: 1.45545 | AV146: 7.18335 | AW146: 3.80295 | AX146: 21.55005 | AY146: 0 | AZ146: 0.6620549 | BA146: 2.173846
...

Sheet Sheet26
A1: OHL-500kV-ACSR-ZEBRA 4X484.5mm (3240A)
A2: OHL-500kV-ACSR-ZEBRA 4X484.5mm (3240A) | E2: {=UNIQUE(A:A)} -> OHL-500kV-ACSR-ZEBRA 4X484.5mm (3240A)
A3: OHL-500kV-ACSR-DOVE 4X327.9mm (1980A) | E3: OHL-500kV-ACSR-DOVE 4X327.9mm (1980A)
A4: OHL-500kV-ACSR-DOVE 4X327.9mm (1980A) | E4: OHL-500kV-ACSR-DOVE 4X282/46 mm (2808A)
A5: OHL-500kV-ACSR-DOVE 4X327.9mm (1980A) | E5: OHL-500kV-ACCC-DOVE 4X282mm (4320A)
A6: OHL-500kV-ACSR-DOVE 4X282/46 mm (2808A) | E6: OHL-500kV-ACSR ZEBRA 4x400 mm (3240 A)
A7: OHL-500kV-ACCC-DOVE 4X282mm (4320A) | E7: OHL-500kV-ACSR-GANNET 4X392.8mm (2400A)
A8: OHL-500kV-ACSR-DOVE 4X282/46 mm (2808A) | E8: OHL-500kV-ACSR-DOVE221 4X327.9mm (2400A)
A9: OHL-500kV-ACCC-DOVE 4X282mm (4320A) | E9: OHL-500kV-ACSR-DOVE 4X282/46 mm (2876A)
A10: OHL-500kV-ACSR ZEBRA 4x400 mm (3240 A) | E10: OHL-500kV-ACSR-ZEBRA 4X429/55mm
A11: OHL-500kV-ACSR ZEBRA 4x400 mm (3240 A)
A12: OHL-500kV-ACSR-DOVE 4X327.9mm (1980A)
A13: OHL-500kV-ACSR-DOVE 4X327.9mm (1980A)
A14: OHL-500kV-ACSR-DOVE 4X327.9mm (1980A)
A15: OHL-500kV-ACSR-DOVE 4X327.9mm (1980A)
A16: OHL-500kV-ACSR-GANNET 4X392.8mm (2400A)
A17: OHL-500kV-ACSR-GANNET 4X392.8mm (2400A)
A18: OHL-500kV-ACSR-GANNET 4X392.8mm (2400A)
A19: OHL-500kV-ACSR-ZEBRA 4X484.5mm (3240A)
A20: OHL-500kV-ACSR-ZEBRA 4X484.5mm (3240A)
A21: OHL-500kV-ACSR-DOVE 4X327.9mm (1980A)
A22: OHL-500kV-ACSR-DOVE 4X327.9mm (1980A)
... A116: OHL-500kV-ACSR-DOVE 4X327.9mm (1980A)

Sheet CALCULATION
A1: PERHITUNGAN SETTING DISTANCE
B4: INPUT PARAMETER
C6: KONFIGURASI SALURAN
E8: L1 | J8: L3 | N8: L4 | R8: GI-A | T8: : | U8: =PROSES!E26 -> MENES5
R9: GI-B | T9: : | U9: =PROSES!E27 -> RANGKASBITUNG5
B10: GI-A | L10: GI-D | O10: GI-E | R10: GI-C | T10: : | U10: =PROSES!E28 -> SAKETI5
B11: =U8 -> MENES5 | L11: =U11 -> MENES5 | O11: =U12 -> ASAHIMAS 2 | R11: GI-D | T11: : | U11: =PROSES!E29 -> MENES5
R12: GI-E | T12: : | U12: =PROSES!E30 -> ASAHIMAS 2
I14: L2 | R14: Ratio CT | X14: : | Y14: ='Cek Distance'!C7 -> 1822 | AC14: / | AD14: ='Cek Distance'!E8 -> 1
R15: Ratio PT | X15: : | Y15: ='Cek Distance'!C9 -> 150000 | AC15: / | AD15: ='Cek Distance'!E9 -> 100
G16: GI-B | J16: GI-C | R16: 3phase fault di GI-A | X16: : | Y16: =PROSES!B4*1000 -> 23130 | AE16: A
F17: =U9 -> RANGKASBITUNG5 | K17: =U10 -> SAKETI5 | R17: 1phase fault di GI-A | X17: : | Y17: =PROSES!B5*1000 -> 22120 | AE17: A
R18: Impedansi Trafo di GI-B | X18: : | Y18: 12.5 | AB18: %
R19: Daya Trafo di GI-B | X19: : | Y19: 60 | AB19: MVA
R20: Ratio Trafo di GI-B | X20: : | Y20: ='Cek Distance'!C9/1000 -> 150 | AA20: / | AB20: =IF(Y20=150,20,IF(Y20=500,150,IF(Y20=70,20))) -> 20 | AD20: kV
C23: Parameter L1 | X23: Parameter L3
C24: Nama Saluran | G24: : | H24: =PROSES!B20 -> RKBTG-KOPO 1 | X24: Nama Saluran | AB24: : | AC24: =PROSES!B22 -> ASAHI2-MNES5-2
D25: Jenis Kawat A | H25: : | I25: =PROSES!K20 -> OHL-150kV-ZEBRA 2X484.5mm (1620A) | Y25: Jenis Kawat A | AC25: : | AD25: =PROSES!K22 -> OHL-150kV-TACSR 2X410mm (2730A)
D26: R11A = | F26: =PROSES!L20 -> 0.0387 | J26: ohm/km | P26: L11A= | R26: =PROSES!I20 -> 15.392 | U26: km | Y26: R31A = | AA26: =PROSES!L22 -> 0.063299982 | AE26: ohm/km | AK26: L31A= | AM26: =PROSES!I22 -> 27.515 | AP26: km
D27: X11A = | F27: =PROSES!M20 -> 0.28069997 | J27: ohm/km | P27: In A= | R27: =#REF! -> #REF! | U27: A | Y27: X31A = | AA27: =PROSES!M22 -> 0.25810002 | AE27: ohm/km
D29: Jenis Kawat B | H29: : | Y29: Jenis Kawat B | AC29: :
D30: R11B = | J30: ohm/km | P30: L11B= | U30: km | Y30: R31B = | AE30: ohm/km | AK30: L31B= | AP30: km
D31: X11B = | J31: ohm/km | P31: In B= | U31: A | Y31: X31B = | AE31: ohm/km
D33: Jenis Kawat C | H33: : | Y33: Jenis Kawat C | AC33: :
D34: R11C = | J34: ohm/km | P34: L11C= | U34: km | Y34: R31C = | AE34: ohm/km | AK34: L31C= | AP34: km
D35: X11C = | J35: ohm/km | P35: In C= | U35: A | Y35: X31C = | AE35: ohm/km
C37: Parameter L2 | X37: Parameter L4
C38: Nama Saluran | G38: : | H38: =PROSES!B21 -> SAKETI-RKBTG 1 | X38: Nama Saluran | AB38: : | AC38: =PROSES!B23 -> ASAHI2-MNES5-1
D39: Jenis Kawat A | H39: : | I39: =PROSES!K21 -> OHL-150kV-TACSR 2X410mm (2730A) | Y39: Jenis Kawat A | AC39: : | AD39: =PROSES!K23 -> OHL-150kV-TACSR 2X410mm (2730A)
D40: R21A = | F40: =PROSES!L21 -> 0.063300003 | J40: ohm/km | P40: L21A= | R40: =PROSES!I21 -> 33.803 | U40: km | Y40: R41A = | AA40: =PROSES!L23 -> 0.0633 | AE40: ohm/km | AK40: L41A= | AM40: =PROSES!I23 -> 1.35 | AP40: km
D41: X21A = | F41: =PROSES!M21 -> 0.25810002 | J41: ohm/km | Y41: X41A = | AA41: =PROSES!M23 -> 0.2581 | AE41: ohm/km
D43: Jenis Kawat B | H43: : | Y43: Jenis Kawat B | AC43: :
D44: R21B = | J44: ohm/km | P44: L21B= | U44: km | Y44: R41B = | AE44: ohm/km | AK44: L41B= | AP44: km
D45: X21B = | J45: ohm/km | Y45: X41B = | AE45: ohm/km
D47: Jenis Kawat C | H47: : | Y47: Jenis Kawat C | AC47: :
D48: R21C = | J48: ohm/km | P48: L21C= | U48: km | Y48: R41C = | AE48: ohm/km | AK48: L41C= | AP48: km
D49: X21C = | J49: ohm/km | Y49: X41C = | AE49: ohm/km
B53: CALCULATION PROCESS
C55: PARAMETER L1
C56: RL10A | E56: = | F56: =(PROSES!N20)*R26 -> 2.90447 | J56: Ohm | M56: XL10A | O56: = | P56: =PROSES!O20*R26 -> 12.9616 | T56: Ohm
C57: RL10B | E57: = | F57: =(F30+0.15)*R30 -> 0 | J57: Ohm | M57: XL10B | O57: = | P57: =3*F31*R30 -> 0 | T57: Ohm
C58: RL10C | E58: = | F58: =(F34+0.15)*R34 -> 0 | J58: Ohm | M58: XL10C | O58: = | P58: =3*F35*R34 -> 0 | T58: Ohm | V58: +
C59: RL10 | E59: = | F59: =SUM(F56:I58) -> 2.90447 | J59: Ohm | M59: XL10C | O59: = | P59: =SUM(P56:S58) -> 12.9616 | T59: Ohm
C60: ZL10 | E60: = | F60: =COMPLEX(F59,P59) -> 2.90447+12.9616i | T60: Ohm | X60: |ZL10| | Z60: = | AA60: =imabs(F60) -> 13.283035 | AE60: Ohm
X61: Sudut | Z61: = | AA61: =degrees(atan((imaginary(F60))/(IMREAL(F60)))) -> 77.369653 | AE61: derajat
C63: RL11A | E63: = | F63: =F26*R26 -> 0.5956704 | J63: Ohm | M63: XL11A | O63: = | P63: =F27*R26 -> 4.320534 | T63: Ohm | AH63: =IMAGE(F67)
C64: RL11B | E64: = | F64: =F30*R30 -> 0 | J64: Ohm | M64: XL11B | O64: = | P64: =F31*R30 -> 0 | T64: Ohm
C65: RL11C | E65: = | F65: =F34*R34 -> 0 | J65: Ohm | M65: XL11C | O65: = | P65: =F35*R34 -> 0 | T65: Ohm | V65: + | X65: CCC | Z65: = | AA65: =MIN(R27,R31,R35) -> #REF! | AE65: Ampere
C66: RL11 | E66: = | F66: =SUM(F63:I65) -> 0.5956704 | J66: Ohm | M66: XL11C | O66: = | P66: =SUM(P63:S65) -> 4.320534 | T66: Ohm | X66: L11 | Z66: = | AA66: =R26+R30+R34 -> 15.392 | AE66: KM
C67: ZL11 | E67: = | F67: =COMPLEX(F66,P66) -> 0.5956704+4.320534i | T67: Ohm | X67: |ZL11| | Z67: = | AA67: =imabs(F67) -> 4.3614031 | AE67: Ohm
X68: Sudut | Z68: = | AA68: =degrees(atan((imaginary(F67))/(IMREAL(F67)))) -> 82.15014 | AE68: derajat
C70: PARAMETER L2
C71: RL21A | E71: = | F71: =F40*R40 -> 2.13973 | J71: Ohm | M71: XL21A | O71: = | P71: =F41*R40 -> 8.724555 | T71: Ohm
C72: RL21B | E72: = | F72: =F44*R44 -> 0 | J72: Ohm | M72: XL21B | O72: = | P72: =F45*R44 -> 0 | T72: Ohm
C73: RL21C | E73: = | F73: =F48*R48 -> 0 | J73: Ohm | M73: XL21C | O73: = | P73: =F49*R48 -> 0 | T73: Ohm | V73: +
C74: RL21 | E74: = | F74: =SUM(F71:I73) -> 2.13973 | J74: Ohm | M74: XL21C | O74: = | P74: =SUM(P71:S73) -> 8.724555 | T74: Ohm | X74: L21 | Z74: = | AA74: =R40+R44+R48 -> 33.803 | AE74: KM
C75: ZL21 | E75: = | F75: =COMPLEX(F74,P74) -> 2.13973+8.724555i | T75: Ohm | X75: |ZL21| | Z75: = | AA75: =imabs(F75) -> 8.9831122 | AE75: Ohm
C77: PARAMETER L3
C78: RL31A | E78: = | F78: =AA26*AM26 -> 1.741699 | J78: Ohm | M78: XL31A | O78: = | P78: =AA27*AM26 -> 7.101622 | T78: Ohm
C79: RL31B | E79: = | F79: =AA30*AM30 -> 0 | J79: Ohm | M79: XL31B | O79: = | P79: =F52*R51 -> 0 | T79: Ohm
C80: RL31C | E80: = | F80: =AA34*AM34 -> 0 | J80: Ohm | M80: XL31C | O80: = | P80: =F56*R55 -> 0 | T80: Ohm | V80: +
C81: RL31 | E81: = | F81: =SUM(F78:I80) -> 1.741699 | J81: Ohm | M81: XL31C | O81: = | P81: =SUM(P78:S80) -> 7.101622 | T81: Ohm | X81: L31 | Z81: = | AA81: =AM26+AM30+AM34 -> 27.515 | AE81: KM
C82: ZL31 | E82: = | F82: =COMPLEX(F81,P81) -> 1.741699+7.101622i | T82: Ohm | X82: |ZL31| | Z82: = | AA82: =imabs(F82) -> 7.3120825 | AE82: Ohm
C84: PARAMETER L4
C85: RL41A | E85: = | F85: =AA40*AM40 -> 0.085455 | J85: Ohm | M85: XL41A | O85: = | P85: =AA41*AM40 -> 0.348435 | T85: Ohm
C86: RL41B | E86: = | F86: =AA44*AM44 -> 0 | J86: Ohm | M86: XL41B | O86: = | P86: =AA45*AM44 -> 0 | T86: Ohm
C87: RL41C | E87: = | F87: =AA48*AM48 -> 0 | J87: Ohm | M87: XL41C | O87: = | P87: =AA49*AM48 -> 0 | T87: Ohm | V87: +
C88: RL41 | E88: = | F88: =SUM(F85:I87) -> 0.085455 | J88: Ohm | M88: XL41C | O88: = | P88: =SUM(P85:S87) -> 0.348435 | T88: Ohm | X88: L41 | Z88: = | AA88: =AM40+AM44+AM48 -> 1.35 | AE88: KM
C89: ZL41 | E89: = | F89: =COMPLEX(F88,P88) -> 0.085455+0.348435i | T89: Ohm | X89: |ZL41| | Z89: = | AA89: =imabs(F89) -> 0.35876107 | AE89: Ohm
C91: PARAMETER IMPEDANSI TRAFO
C92: XT1 | E92: = | F92: =COMPLEX(0,Y18*Y20^2/Y19/100) -> 46.875i | J92: Ohm
C94: Z ratio | E94: = | F94: =(Y14/AD14)/(Y15/AD15) -> 1.2146667
C96: Impedansi Penghantar | J96: ZL1P | L96: = | M96: =AA67 -> 4.3614031 | Q96: Ohm (prim) | V96: ZL1S | X96: = | Y96: =F94*AA67 -> 5.297651 | AC96: Ohm (sec)
J97: XL1P | L97: = | M97: =P66 -> 4.320534 | Q97: Ohm (prim) | V97: XL1S | X97: = | Y97: =M97*F94 -> 5.2480086 | AC97: Ohm (sec) | AJ97: =Y97/5.9 -> 0.88949299
J98: sudut | L98: = | M98: =AA68 -> 82.15014 | Q98: degree | V98: sudut | X98: = | Y98: =M98 -> 82.15014 | AC98: degree
C100: Kompensasi Urutan Nol
C101: kZ0 | G101: = | H101: =imdiv(imsub(F60,F67),improduct(3,F67)) -> 0.678330953346632-0.0846048651287774i | R101: kZ0 | U101: = | V101: =imabs(H101) -> 0.68358677
R102: sudut kZ0 | U102: = | V102: =degrees(atan((imaginary(H101))/(IMREAL(H101)))) -> -7.109505 | Y102: deg
C105: Jangkauan Impedansi
D106: ZONE 1
D107: Z1P | F107: = | G107: =0.8*AA67 -> 3.4891225 | K107: Ohm (prim) | W107: Z1S | Y107: = | Z107: =G107*F94 -> 4.2381208 | AD107: Ohm (sec)
D108: X1P | F108: = | G108: =0.8*P66 -> 3.4564272 | K108: Ohm (prim) | W108: X1S | Y108: = | Z108: =G108*F94 -> 4.1984069 | AD108: Ohm (sec)
W109: tZ1 | Y109: = | Z109: =G109*F95 -> 0 | AD109: detik
D111: ZONE 2
D112: Z2min | G112: = | H112: =improduct(1.2,F67) -> 0.71480448+5.1846408i | N112: = | O112: =imabs(H112) -> 5.2336838 | R112: Ohm (prim)
D113: Z2mak1 | G113: = | H113: =IMPRODUCT(0.8,(imsum(F67,improduct(0.8,F75)))) -> 1.84596352+9.0401424i | N113: = | O113: =imabs(H113) -> 9.2266872 | R113: Ohm (prim)
D114: ZTrafo | G114: = | H114: =improduct(0.8,((imsum(F67,improduct(0.5,F92))))) -> 0.47653632+22.2064272i | N114: = | O114: =imabs(H114) -> 22.21154 | R114: Ohm (prim)
D115: Z2base | G115: = | H115: =(imsum(F67,improduct(0.8,F75))) -> 2.3074544+11.300178i | N115: = | O115: =imabs(H115) -> 11.533359 | R115: Ohm (prim)
D116: Z21mak | G116: = | H116: =if(O112>O113,H112,H113) -> 1.84596352+9.0401424i | N116: = | O116: =imabs(H116) -> 9.2266872 | R116: Ohm (prim)
D117: Z22mak | G117: = | H117: =if(O116<O114,H116,H114) -> 1.84596352+9.0401424i | N117: = | O117: =imabs(H117) -> 9.2266872 | R117: Ohm (prim)
D118: Z2P | G118: = | H118: =H117 -> 1.84596352+9.0401424i | N118: = | O118: =O117 -> 9.2266872 | R118: Ohm (prim) | W118: Z2S | Y118: = | Z118: =O118*F94 -> 11.207349 | AD118: Ohm (sec)
D119: X2P | G119: = | N119: = | O119: =imaginary(H118) -> 9.0401424 | R119: Ohm (prim) | W119: X2S | Y119: = | Z119: =O119*F94 -> 10.98076 | AD119: Ohm (sec)
W120: tZ2 | Y120: = | Z120: =if(((O118-AA67)<(0.8*AA75)),0.4,0.8) -> 0.4 | AD120: detik
D121: ZONE 3
D122: K3 | G122: = | H122: 1
D123: Z3min | G123: = | H123: =improduct(1.2,imsum(F67,F82)) -> 2.80484328+13.7065872i | N123: = | O123: =imabs(H123) -> 13.990628 | R123: Ohm (prim)
D124: Z3mak1 | G124: = | H124: =improduct(0.8,(imsum(F67,improduct(1.2,H122,F82)))) -> 2.14856736+10.27398432i | N124: = | O124: =imabs(H124) -> 10.496242 | R124: Ohm (prim)
D125: Z3mak2 | G125: = | H125: =improduct(0.8,(imsum(F67,improduct(H122,0.8,imsum(F82,improduct(0.8,F89)))))) -> 1.63497664+8.179864i | N125: = | O125: =imabs(H125) -> 8.3416619 | R125: Ohm (prim)
D126: ZTrafo | G126: = | H126: =improduct(0.8,imsum(F67,improduct(0.8,F92))) -> 0.47653632+33.4564272i | N126: = | O126: =imabs(H126) -> 33.459821 | R126: Ohm (prim)
D127: Z3base | G127: = | H127: =imsum(F67,improduct(H122,0.8,imsum(F82,improduct(0.8,F89)))) -> 2.0437208+10.22483i | N127: = | O127: =imabs(H127) -> 10.427077 | R127: Ohm (prim)
...

Sheet IHS
E1: Arus Hubung Singkat GI/GITET Sistem Jawa Bali Semester 1 Tahun 2021
R2: Arus Hubung Singkat KIT Aktif BP ROB Feb 2020
E3: No. | F3: Bus | G3: GI/GITET | H3: APB | I3: TEG | J3: Impedansi Urutan Positif | L3: Impedansi Urutan Negatif | N3: Impedansi Urutan Nol | P3: Arus Hubung Singkat | V3: Z base | W3: Impedansi Urutan Positif | Y3: Impedansi Urutan Negatif | AA3: Impedansi Urutan Nol | AC3: Z1 | AD3: Z2 | AE3: Z0 | AF3: Busbar (asumsi) | AG3: SIR
I4: kV | J4: R1(pu) | K4: X1(pu) | L4: R2(pu) | M4: X2(pu) | N4: R0(pu) | O4: X0(pu) | P4: 1ph(kA) | Q4: 3ph(kA) | R4: 1ph(kA) | S4: 3ph(kA) | W4: R1(Ohm) | X4: X1(Ohm) | Y4: R2(Ohm) | Z4: X2(Ohm) | AA4: R0(Ohm) | AB4: X0(Ohm) | AC4: (ohm) | AD4: (ohm) | AE4: (ohm) | AF4: Z=0.5 Ohm
A6: I-5ABADI GUNA PAPAN | B6: I-5 | C6: ABADI GUNA PAPAN | D6: region1 | E6: 1 | F6: B-7 | G6: BEKASI7 | H6: UP2B DKI Jakarta & Banten | I6: 500 | J6: 0.0003 | K6: 0.00378 | L6: 0.0003 | M6: 0.0038 | N6: 0.0004 | O6: 0.00348 | P6: 34.2 | Q6: 33.5 | R6: 30.55 | S6: 28.52
A7: II-5ABADI GUNA PAPAN | B7: II-5 | C7: ABADI GUNA PAPAN | D7: region1 | E7: 2 | F7: A-7 | G7: BEKASI7 | H7: UP2B DKI Jakarta & Banten | I7: 500 | J7: 0.0003 | K7: 0.0038 | L7: 0 | M7: 0 | N7: 0.0004 | O7: 0.00348 | P7: 34.2 | Q7: 33.5 | R7: 30.55 | S7: 28.52
A8: I-5ALAM SUTRA | B8: I-5 | C8: ALAM SUTRA | D8: region1 | E8: 3 | F8: B-7 | G8: CAWANG7 | H8: UP2B DKI Jakarta & Banten | I8: 500 | J8: 0.0003 | K8: 0.0042 | L8: 0 | M8: 0 | N8: 0.00029 | O8: 0.00346 | P8: 32.11 | Q8: 30.47 | R8: 28.51 | S8: 25.86
A9: II-5ALAM SUTRA | B9: II-5 | C9: ALAM SUTRA | D9: region1 | E9: 4 | F9: A-7 | G9: CAWANG7 | H9: UP2B DKI Jakarta & Banten | I9: 500 | J9: 0.0003 | K9: 0.0042 | L9: 0 | M9: 0 | N9: 0.00029 | O9: 0.00346 | P9: 32.11 | Q9: 30.47 | R9: 28.51 | S9: 25.86
A10: I-5ALINDO | B10: I-5 | C10: ALINDO | D10: region1 | E10: 5 | F10: B-7 | G10: CIBINONG7 | H10: UP2B DKI Jakarta & Banten | I10: 500 | J10: 0.0002 | K10: 0.0025 | L10: 0 | M10: 0 | N10: 0.0002 | O10: 0.00171 | P10: 56.5 | Q10: 50.96 | R10: 49.49 | S10: 42.81
A11: I-5ANCOL | B11: I-5 | C11: ANCOL | D11: region1 | E11: 6 | F11: A-7 | G11: CIBINONG7 | H11: UP2B DKI Jakarta & Banten | I11: 500 | J11: 0.0002 | K11: 0.0025 | L11: 0 | M11: 0 | N11: 0.0002 | O11: 0.00171 | P11: 56.5 | Q11: 50.96 | R11: 49.49 | S11: 42.81
A12: II-5ANCOL | B12: II-5 | C12: ANCOL | D12: region1 | E12: 7 | F12: B-7 | G12: CILEGON BARU7 | H12: UP2B DKI Jakarta & Banten | I12: 500 | J12: 0.0002 | K12: 0.003 | L12: 0 | M12: 0 | N12: 0.00033 | O12: 0.00269 | P12: 43.38 | Q12: 42.69 | R12: 40.25 | S12: 38.45
A13: I-5ANGKE | B13: I-5 | C13: ANGKE | D13: region1 | E13: 8 | F13: A-7 | G13: CILEGON BARU7 | H13: UP2B DKI Jakarta & Banten | I13: 500 | J13: 0.0002 | K13: 0.003 | L13: 0 | M13: 0 | N13: 0.00033 | O13: 0.00269 | P13: 43.38 | Q13: 42.69 | R13: 40.25 | S13: 38.45
A14: II-5ANGKE | B14: II-5 | C14: ANGKE | D14: region1 | E14: 9 | F14: B | G14: DEPOK7 | H14: UP2B DKI Jakarta & Banten | I14: 500 | J14: 0.0002 | K14: 0.0026 | L14: 0 | M14: 0 | N14: 0.0002 | O14: 0.00176 | P14: 53.55 | Q14: 47.87 | R14: 47.85 | S14: 41.32
A15: I-5ANTASARI | B15: I-5 | C15: ANTASARI | D15: region1 | E15: 10 | F15: A | G15: DEPOK7 | H15: UP2B DKI Jakarta & Banten | I15: 500 | J15: 0.0002 | K15: 0.0026 | L15: 0 | M15: 0 | N15: 0.0002 | O15: 0.00176 | P15: 53.55 | Q15: 47.87 | R15: 47.85 | S15: 41.32
A16: II-5ANTASARI | B16: II-5 | C16: ANTASARI | D16: region1 | E16: 11 | F16: B-7 | G16: DURIKOSAMBI7 | H16: UP2B DKI Jakarta & Banten | I16: 500 | J16: 0.0003 | K16: 0.0041 | L16: 0 | M16: 0 | N16: 0.00037 | O16: 0.00384 | P16: 31.55 | Q16: 30.92 | R16: 29.5 | S16: 28.06
A17: B1.0ASAHIMAS | B17: B1.0 | C17: ASAHIMAS | D17: region1 | E17: 12 | F17: A-7 | G17: DURIKOSAMBI7 | H17: UP2B DKI Jakarta & Banten | I17: 500 | J17: 0.0003 | K17: 0.0041 | L17: 0 | M17: 0 | N17: 0.00037 | O17: 0.00384 | P17: 31.55 | Q17: 30.92 | R17: 29.5 | S17: 28.06
... A83: II-5CIKANDE | B83: II-5 | C83: CIKANDE | D83: region1 | E83: 78 | F83: I-5 | G83: ABADI GUNA PAPAN | H83: UP2B DKI Jakarta & Banten | I83: 150 | J83: 0.0026 | K83: 0.0186 | L83: 0 | M83: 0.02 | N83: 0.00569 | O83: 0.0203 | P83: 21.6 | Q83: 22.48 | R83: 21.13 | S83: 21.73
A84: I-5CIKUPA | B84: I-5 | C84: CIKUPA | D84: region1 | E84: 79 | F84: 44232 | G84: ALAM SUTRA | H84: UP2B DKI Jakarta & Banten | I84: 150 | J84: 0.0009 | K84: 0.0129 | L84: 0 | M84: 0.01 | N84: 0.00318 | O84: 0.01473 | P84: 30.94 | Q84: 32.68 | R84: 30.54 | S84: 32.03
A85: II-5CIKUPA | B85: II-5 | C85: CIKUPA | D85: region1 | E85: 80 | F85: 44201 | G85: ALAM SUTRA | H85: UP2B DKI Jakarta & Banten | I85: 150 | J85: 0.0009 | K85: 0.0129 | L85: 0 | M85: 0.01 | N85: 0.00318 | O85: 0.01473 | P85: 30.94 | Q85: 32.68 | R85: 30.54 | S85: 32.03
A86: I-5CILEDUG | B86: I-5 | C86: CILEDUG | D86: region1 | E86: 81 | F86: I-5 | G86: ALINDO | H86: UP2B DKI Jakarta & Banten | I86: 150 | J86: 0.0013 | K86: 0.0127 | L86: 0 | M86: 0.01 | N86: 0.0023 | O86: 0.01263 | P86: 32.65 | Q86: 32.96 | R86: 31.49 | S86: 31.23
A87: II-5CILEDUG | B87: II-5 | C87: CILEDUG | D87: region1 | E87: 82 | F87: II-5 | G87: ANCOL | H87: UP2B DKI Jakarta & Banten | I87: 150 | J87: 0.0005 | K87: 0.0072 | L87: 0 | M87: 0.01 | N87: 0.00173 | O87: 0.0088 | P87: 52.88 | Q87: 58.37 | R87: 49.64 | S87: 52.8
A88: A-7CILEGON BARU7 | B88: A-7 | C88: CILEGON BARU7 | D88: region1 | E88: 83 | F88: I-5 | G88: ANCOL | H88: UP2B DKI Jakarta & Banten | I88: 150 | J88: 0.0005 | K88: 0.0072 | L88: 0 | M88: 0.01 | N88: 0.00173 | O88: 0.0088 | P88: 52.88 | Q88: 58.37 | R88: 49.64 | S88: 52.8
A89: B-7CILEGON BARU7 | B89: B-7 | C89: CILEGON BARU7 | D89: region1 | E89: 84 | F89: II-5 | G89: ANGKE | H89: UP2B DKI Jakarta & Banten | I89: 150 | J89: 0.0014 | K89: 0.0097 | L89: 0 | M89: 0.01 | N89: 0.00394 | O89: 0.01606 | P89: 34.53 | Q89: 43.02 | R89: 32.97 | S89: 39.59
A90: I-5CILEGONBARU | B90: I-5 | C90: CILEGONBARU | D90: region1 | E90: 85 | F90: I-5 | G90: ANGKE | H90: UP2B DKI Jakarta & Banten | I90: 150 | J90: 0.0006 | K90: 0.0102 | L90: 0 | M90: 0.01 | N90: 0.00166 | O90: 0.00887 | P90: 44.24 | Q90: 41.26 | R90: 38.3 | S90: 33.65
A91: II-5CILEGONBARU | B91: II-5 | C91: CILEGONBARU | D91: region1 | E91: 86 | F91: II-5 | G91: ANTASARI | H91: UP2B DKI Jakarta & Banten | I91: 150 | J91: 0.0012 | K91: 0.0155 | L91: 0 | M91: 0.02 | N91: 0.00252 | O91: 0.01102 | P91: 29.87 | Q91: 27.17 | R91: 28.97 | S91: 26.07
A92: I-5CILEGONLAMA | B92: I-5 | C92: CILEGONLAMA | D92: region1 | E92: 87 | F92: I-5 | G92: ANTASARI | H92: UP2B DKI Jakarta & Banten | I92: 150 | J92: 0.0012 | K92: 0.0155 | L92: 0 | M92: 0.02 | N92: 0.00252 | O92: 0.01102 | P92: 29.87 | Q92: 27.17 | R92: 28.97 | S92: 26.07
A93: II-5CILEGONLAMA | B93: II-5 | C93: CILEGONLAMA | D93: region1 | E93: 88 | F93: I-5 | G93: ASAHIMAS | H93: UP2B DKI Jakarta & Banten | I93: 150 | J93: 0.0014 | K93: 0.0145 | L93: 0 | M93: 0.01 | N93: 0.00516 | O93: 0.02498 | P93: 23.05 | Q93: 28.94 | R93: 22.62 | S93: 27.94
A94: I-4CILEUNGSI | B94: I-4 | C94: CILEUNGSI | D94: region1 | E94: 89 | F94: II-5 | G94: ASAHIMAS 2 | H94: UP2B DKI Jakarta & Banten | I94: 150 | J94: 0.0024 | K94: 0.0184 | L94: 0 | M94: 0.02 | N94: 0.00778 | O94: 0.03393 | P94: 17.52 | Q94: 22.71 | R94: 17.34 | S94: 22.24
A95: II-4CILEUNGSI | B95: II-4 | C95: CILEUNGSI | D95: region1 | E95: 90 | F95: I-5 | G95: ASAHIMAS 2 | H95: UP2B DKI Jakarta & Banten | I95: 150 | J95: 0.0024 | K95: 0.0184 | L95: 0 | M95: 0.02 | N95: 0.00778 | O95: 0.03393 | P95: 17.52 | Q95: 22.71 | R95: 17.34 | S95: 22.24
A96: I-5CIMANGGIS | B96: I-5 | C96: CIMANGGIS | D96: region1 | E96: 91 | F96: II-5 | G96: ASAHIMAS MRS | H96: UP2B DKI Jakarta & Banten | I96: 150 | J96: 0.0014 | K96: 0.0146 | L96: 0 | M96: 0.01 | N96: 0.00524 | O96: 0.02533 | P96: 22.81 | Q96: 28.71 | R96: 22.39 | S96: 27.73
A97: II-5CIMANGGIS | B97: II-5 | C97: CIMANGGIS | D97: region1 | E97: 92 | F97: I-5 | G97: ASAHIMAS MRS | H97: UP2B DKI Jakarta & Banten | I97: 150 | J97: 0.0014 | K97: 0.0146 | L97: 0 | M97: 0.01 | N97: 0.00524 | O97: 0.02533 | P97: 22.81 | Q97: 28.71 | R97: 22.39 | S97: 27.73
... A101: II-5CITRA HABITAT | B101: II-5 | C101: CITRA HABITAT | D101: region1 | E101: 96 | F101: I-5 | G101: BAYAH5 | H101: UP2B DKI Jakarta & Banten | I101: 150 | J101: 0.0078 | K101: 0.0533 | L101: 0.01 | M101: 0.05 | N101: 0.0446 | O101: 0.16792 | P101: 4.52 | Q101: 7.86 | R101: 4.43 | S101: 7.46
A102: I-5CSW | B102: I-5 | C102: CSW | D102: region1 | E102: 97 | F102: IV | G102: BEKASI | H102: UP2B DKI Jakarta & Banten | I102: 150 | J102: 0.0007 | K102: 0.0155 | L102: 0 | M102: 0.02 | N102: 0.00056 | O102: 0.00902 | P102: 31.58 | Q102: 27.23 | R102: 30.63 | S102: 26.18 | V102: 225 | W102: =$V102*J102 -> 0.1575 | X102: =$V102*K102 -> 3.4875 | Y102: =$V102*L102 -> 0 | Z102: =$V102*M102 -> 4.5 | AA102: =$V102*N102 -> 0.126 | AB102: =$V102*O102 -> 2.0295 | AC102: =(W102^2+X102^2)^0.5 -> 3.4910546 | AD102: =(Y102^2+Z102^2)^0.5 -> 4.5 | AE102: =(AB102^2+AA102^2)^0.5 -> 2.0334075 | AF102: 0.5 | AG102: =AC102/AF102 -> 6.9821093
A103: II-5CSW | B103: II-5 | C103: CSW | D103: region1 | E103: 98 | F103: III | G103: BEKASI | H103: UP2B DKI Jakarta & Banten | I103: 150 | J103: 0.0007 | K103: 0.0155 | L103: 0 | M103: 0.02 | N103: 0.00056 | O103: 0.00902 | P103: 31.58 | Q103: 27.23 | R103: 30.63 | S103: 26.18 | V103: 225 | W103: =$V103*J103 -> 0.1575 | X103: =$V103*K103 -> 3.4875 | Y103: =$V103*L103 -> 0 | Z103: =$V103*M103 -> 4.5 | AA103: =$V103*N103 -> 0.126 | AB103: =$V103*O103 -> 2.0295 | AC103: =(W103^2+X103^2)^0.5 -> 3.4910546 | AD103: =(Y103^2+Z103^2)^0.5 -> 4.5 | AE103: =(AB103^2+AA103^2)^0.5 -> 2.0334075 | AF103: 0.5 | AG103: =AC103/AF103 -> 6.9821093
A104: I-5CURUG | B104: I-5 | C104: CURUG | D104: region1 | E104: 99 | F104: II-5 | G104: BEKASI | H104: UP2B DKI Jakarta & Banten | I104: 150 | J104: 0.0009 | K104: 0.0102 | L104: 0 | M104: 0.01 | N104: 0.00065 | O104: 0.00915 | P104: 42.4 | Q104: 41.36 | R104: 40.87 | S104: 39.25 | V104: 225 | W104: =$V104*J104 -> 0.2025 | X104: =$V104*K104 -> 2.295 | Y104: =$V104*L104 -> 0 | Z104: =$V104*M104 -> 2.25 | AA104: =$V104*N104 -> 0.14625 | AB104: =$V104*O104 -> 2.05875 | AC104: =(W104^2+X104^2)^0.5 -> 2.3039165 | AD104: =(Y104^2+Z104^2)^0.5 -> 2.25 | AE104: =(AB104^2+AA104^2)^0.5 -> 2.0639381 | AF104: 0.5 | AG104: =AC104/AF104 -> 4.607833
A105: II-5CURUG | B105: II-5 | C105: CURUG | D105: region1 | E105: 100 | F105: I-5 | G105: BEKASI | H105: UP2B DKI Jakarta & Banten | I105: 150 | J105: 0.0011 | K105: 0.0123 | L105: 0 | M105: 0.01 | N105: 0.00057 | O105: 0.0102 | P105: 35.94 | Q105: 34.05 | R105: 34.87 | S105: 32.65 | V105: 225 | W105: =$V105*J105 -> 0.2475 | X105: =$V105*K105 -> 2.7675 | Y105: =$V105*L105 -> 0 | Z105: =$V105*M105 -> 2.25 | AA105: =$V105*N105 -> 0.12825 | AB105: =$V105*O105 -> 2.295 | AC105: =(W105^2+X105^2)^0.5 -> 2.778545 | AD105: =(Y105^2+Z105^2)^0.5 -> 2.25 | AE105: =(AB105^2+AA105^2)^0.5 -> 2.2985807 | AF105: 0.5 | AG105: =AC105/AF105 -> 5.5570901
A106: I-5DAAN MOGOT | B106: I-5 | C106: DAAN MOGOT | D106: region1 | E106: 101 | F106: 5-II | G106: BEKASI 2 | H106: UP2B DKI Jakarta & Banten | I106: 150 | J106: 0.0007 | K106: 0.0164 | L106: 0 | M106: 0.02 | N106: 0.00202 | O106: 0.01272 | P106: 27.75 | Q106: 25.8 | R106: 27.02 | S106: 24.86
A107: II-5DAAN MOGOT | B107: II-5 | C107: DAAN MOGOT | D107: region1 | E107: 102 | F107: 5-I | G107: BEKASI 2 | H107: UP2B DKI Jakarta & Banten | I107: 150 | J107: 0.0007 | K107: 0.0164 | L107: 0 | M107: 0.02 | N107: 0.00202 | O107: 0.01272 | P107: 27.75 | Q107: 25.8 | R107: 27.02 | S107: 24.86
A108: IDANAYASA | B108: I | C108: DANAYASA | D108: region1 | E108: 103 | F108: II-5 | G108: BINTARO | H108: UP2B DKI Jakarta & Banten | I108: 150 | J108: 0.0018 | K108: 0.0181 | L108: 0 | M108: 0.02 | N108: 0.0043 | O108: 0.02331 | P108: 21.1 | Q108: 23.21 | R108: 20.77 | S108: 22.61
A109: IIDANAYASA | B109: II | C109: DANAYASA | D109: region1 | E109: 104 | F109: I-5 | G109: BINTARO | H109: UP2B DKI Jakarta & Banten | I109: 150 | J109: 0.0018 | K109: 0.0181 | L109: 0 | M109: 0.02 | N109: 0.0043 | O109: 0.02331 | P109: 21.1 | Q109: 23.21 | R109: 20.77 | S109: 22.61
A110: 5-IDEPOK2 | B110: 5-I | C110: DEPOK2 | D110: region1 | E110: 105 | F110: II-5 | G110: BINTARO2 | H110: UP2B DKI Jakarta & Banten | I110: 150 | J110: 0.0021 | K110: 0.0191 | L110: 0 | M110: 0.02 | N110: 0.00593 | O110: 0.02624 | P110: 19.43 | Q110: 22 | R110: 19.15 | S110: 21.46
A111: 5-IIDEPOK2 | B111: 5-II | C111: DEPOK2 | D111: region1 | E111: 106 | F111: I-5 | G111: BINTARO2 | H111: UP2B DKI Jakarta & Banten | I111: 150 | J111: 0.0021 | K111: 0.0191 | L111: 0 | M111: 0.02 | N111: 0.00593 | O111: 0.02624 | P111: 19.43 | Q111: 22 | R111: 19.15 | S111: 21.46
A112: I-4DEPOK4 | B112: I-4 | C112: DEPOK4 | D112: region1 | E112: 107 | F112: II-5 | G112: BOGORBARU5 | H112: UP2B DKI Jakarta & Banten | I112: 150 | J112: 0.0015 | K112: 0.0114 | L112: 0 | M112: 0.01 | N112: 0.00634 | O112: 0.02215 | P112: 27.73 | Q112: 36.62 | R112: 26.5 | S112: 33.34
A113: II-4DEPOK4 | B113: II-4 | C113: DEPOK4 | D113: region1 | E113: 108 | F113: I-5 | G113: BOGORBARU5 | H113: UP2B DKI Jakarta & Banten | I113: 150 | J113: 0.0015 | K113: 0.0114 | L113: 0 | M113: 0.01 | N113: 0.00634 | O113: 0.02215 | P113: 27.73 | Q113: 36.62 | R113: 26.5 | S113: 33.34
A114: 5-IDEPOK5 | B114: 5-I | C114: DEPOK5 | D114: region1 | E114: 109 | F114: II-5 | G114: BOGORKOTA5 | H114: UP2B DKI Jakarta & Banten | I114: 150 | J114: 0.0026 | K114: 0.0187 | L114: 0 | M114: 0.02 | N114: 0.01211 | O114: 0.04292 | P114: 15.48 | Q114: 22.4 | R114: 15.14 | S114: 21.28
A115: 5-IIDEPOK5 | B115: 5-II | C115: DEPOK5 | D115: region1 | E115: 110 | F115: I-5 | G115: BOGORKOTA5 | H115: UP2B DKI Jakarta & Banten | I115: 150 | J115: 0.0026 | K115: 0.0187 | L115: 0 | M115: 0.02 | N115: 0.01211 | O115: 0.04292 | P115: 15.48 | Q115: 22.4 | R115: 15.14 | S115: 21.28
A116: ADEPOK7 | B116: A | C116: DEPOK7 | D116: region1 | E116: 111 | F116: 44232 | G116: BSD | H116: UP2B DKI Jakarta & Banten | I116: 150 | J116: 0.0006 | K116: 0.0176 | L116: 0 | M116: 0.02 | N116: 0.00129 | O116: 0.00918 | P116: 28.46 | Q116: 23.99 | R116: 28 | S116: 23.51
A117: BDEPOK7 | B117: B | C117: DEPOK7 | D117: region1 | E117: 112 | F117: 44201 | G117: BSD | H117: UP2B DKI Jakarta & Banten | I117: 150 | J117: 0.0006 | K117: 0.0176 | L117: 0 | M117: 0.02 | N117: 0.00129 | O117: 0.00918 | P117: 28.46 | Q117: 23.99 | R117: 28 | S117: 23.51
A118: I-5DUKUH ATAS | B118: I-5 | C118: DUKUH ATAS | D118: region1 | E118: 113 | F118: II-5 | G118: BUDI KEMULIAAN | H118: UP2B DKI Jakarta & Banten | I118: 150 | J118: 0.0015 | K118: 0.012 | L118: 0 | M118: 0.01 | N118: 0.00585 | O118: 0.01407 | P118: 33.07 | Q118: 35 | R118: 29.67 | S118: 29.38
A119: II-5DUKUH ATAS | B119: II-5 | C119: DUKUH ATAS | D119: region1 | E119: 114 | F119: I-5 | G119: BUDI KEMULIAAN | H119: UP2B DKI Jakarta & Banten | I119: 150 | J119: 0.0015 | K119: 0.012 | L119: 0 | M119: 0.01 | N119: 0.00585 | O119: 0.01407 | P119: 33.07 | Q119: 35 | R119: 29.67 | S119: 29.38
A120: I-5DURENTIGA | B120: I-5 | C120: DURENTIGA | D120: region1 | E120: 115 | F120: II-5 | G120: CANDRA ASRI 5 | H120: UP2B DKI Jakarta & Banten | I120: 150 | J120: 0.0014 | K120: 0.0146 | L120: 0 | M120: 0.01 | N120: 0.00524 | O120: 0.02524 | P120: 22.87 | Q120: 28.76 | R120: 22.44 | S120: 27.78
A121: II-5DURENTIGA | B121: II-5 | C121: DURENTIGA | D121: region1 | E121: 116 | F121: I-5 | G121: CANDRA ASRI 5 | H121: UP2B DKI Jakarta & Banten | I121: 150 | J121: 0.0014 | K121: 0.0146 | L121: 0 | M121: 0.01 | N121: 0.00524 | O121: 0.02524 | P121: 22.87 | Q121: 28.76 | R121: 22.44 | S121: 27.78
A122: I-5DURIKOSAMBI | B122: I-5 | C122: DURIKOSAMBI | D122: region1 | E122: 117 | F122: IV-5 | G122: CAWANG5 | H122: UP2B DKI Jakarta & Banten | I122: 150 | J122: 0.0005 | K122: 0.0131 | L122: 0 | M122: 0.01 | N122: 3e-05 | O122: 0.00379 | P122: 42.22 | Q122: 32.29 | R122: 40.45 | S122: 30.75
A123: II-5DURIKOSAMBI | B123: II-5 | C123: DURIKOSAMBI | D123: region1 | E123: 118 | F123: III-5 | G123: CAWANG5 | H123: UP2B DKI Jakarta & Banten | I123: 150 | J123: 0.001 | K123: 0.0112 | L123: 0 | M123: 0.01 | N123: 0.00025 | O123: 0.00655 | P123: 43.34 | Q123: 37.65 | R123: 41.74 | S123: 35.89
A124: IIIDURIKOSAMBI | B124: III | C124: DURIKOSAMBI | D124: region1 | E124: 119 | F124: II-5 | G124: CAWANG5 | H124: UP2B DKI Jakarta & Banten | I124: 150 | J124: 0.0005 | K124: 0.0131 | L124: 0 | M124: 0.01 | N124: 3e-05 | O124: 0.00379 | P124: 42.22 | Q124: 32.29 | R124: 40.45 | S124: 30.75
A125: IVDURIKOSAMBI | B125: IV | C125: DURIKOSAMBI | D125: region1 | E125: 120 | F125: I-5 | G125: CAWANG5 | H125: UP2B DKI Jakarta & Banten | I125: 150 | J125: 0.0005 | K125: 0.0131 | L125: 0 | M125: 0.01 | N125: 3e-05 | O125: 0.00379 | P125: 42.22 | Q125: 32.29 | R125: 40.45 | S125: 30.75
A126: I-5GAJAH TUNGGAL | B126: I-5 | C126: GAJAH TUNGGAL | D126: region1 | E126: 121 | F126: II-5 | G126: CAWANGLAMA | H126: UP2B DKI Jakarta & Banten | I126: 150 | J126: 0.0005 | K126: 0.0131 | L126: 0 | M126: 0.01 | N126: 0.0001 | O126: 0.00401 | P126: 41.8 | Q126: 32.19 | R126: 40.06 | S126: 30.66
A127: II-5GAJAH TUNGGAL | B127: II-5 | C127: GAJAH TUNGGAL | D127: region1 | E127: 122 | F127: I-5 | G127: CAWANGLAMA | H127: UP2B DKI Jakarta & Banten | I127: 150 | J127: 0.0005 | K127: 0.0131 | L127: 0 | M127: 0.01 | N127: 0.0001 | O127: 0.00401 | P127: 41.8 | Q127: 32.19 | R127: 40.06 | S127: 30.66
A128: I-5GAMBIRBARU | B128: I-5 | C128: GAMBIRBARU | D128: region1 | E128: 123 | F128: II-5 | G128: CENGKARENG | H128: UP2B DKI Jakarta & Banten | I128: 150 | J128: 0.0015 | K128: 0.0191 | L128: 0 | M128: 0.02 | N128: 0.00458 | O128: 0.03497 | P128: 17.32 | Q128: 22.02 | R128: 16.77 | S128: 20.67
A129: II-5GAMBIRBARU | B129: II-5 | C129: GAMBIRBARU | D129: region1 | E129: 124 | F129: I-5 | G129: CENGKARENG | H129: UP2B DKI Jakarta & Banten | I129: 150 | J129: 0.002 | K129: 0.019 | L129: 0 | M129: 0.02 | N129: 0.00723 | O129: 0.03512 | P129: 17.08 | Q129: 22.14 | R129: 17.02 | S129: 21.99
... A141: I-5GISGAMBIR | B141: I-5 | C141: GISGAMBIR | D141: region1 | E141: 136 | F141: I-5 | G141: CIKANDE | H141: UP2B DKI Jakarta & Banten | I141: 150 | J141: 0.0033 | K141: 0.0233 | L141: 0 | M141: 0.02 | N141: 0.01256 | O141: 0.05081 | P141: 12.73 | Q141: 17.98 | R141: 12.61 | S141: 17.62
A142: II-5GISGAMBIR | B142: II-5 | C142: GISGAMBIR | D142: region1 | E142: 137 | F142: 44232 | G142: CIKUPA | H142: UP2B DKI Jakarta & Banten | I142: 150 | J142: 0.001 | K142: 0.0117 | L142: 0 | M142: 0.01 | N142: 0.00415 | O142: 0.01681 | P142: 30.99 | Q142: 36.01 | R142: 30.7 | S142: 35.43
A143: I-5GORDA | B143: I-5 | C143: GORDA | D143: region1 | E143: 138 | F143: 44201 | G143: CIKUPA | H143: UP2B DKI Jakarta & Banten | I143: 150 | J143: 0.001 | K143: 0.0117 | L143: 0 | M143: 0.01 | N143: 0.00415 | O143: 0.01681 | P143: 30.99 | Q143: 36.01 | R143: 30.7 | S143: 35.43
A144: II-5GORDA | B144: II-5 | C144: GORDA | D144: region1 | E144: 139 | F144: 44232 | G144: CILEDUG | H144: UP2B DKI Jakarta & Banten | I144: 150 | J144: 0.0008 | K144: 0.0127 | L144: 0 | M144: 0.01 | N144: 0.00235 | O144: 0.01256 | P144: 33.12 | Q144: 33.22 | R144: 32.64 | S144: 32.52
A145: IGROGOL | B145: I | C145: GROGOL | D145: region1 | E145: 140 | F145: 44201 | G145: CILEDUG | H145: UP2B DKI Jakarta & Banten | I145: 150 | J145: 0.0008 | K145: 0.0127 | L145: 0 | M145: 0.01 | N145: 0.00235 | O145: 0.01256 | P145: 33.12 | Q145: 33.22 | R145: 32.64 | S145: 32.52
A146: IIGROGOL | B146: II | C146: GROGOL | D146: region1 | E146: 141 | F146: II-5 | G146: CILEGONBARU | H146: UP2B DKI Jakarta & Banten | I146: 150 | J146: 0.0005 | K146: 0.0096 | L146: 0 | M146: 0.01 | N146: 0.00027 | O146: 0.00612 | P146: 49.23 | Q146: 43.69 | R146: 47.01 | S146: 41.14
A147: I-5GUNUNG SAHARI | B147: I-5 | C147: GUNUNG SAHARI | D147: region1 | E147: 142 | F147: I-5 | G147: CILEGONBARU | H147: UP2B DKI Jakarta & Banten | I147: 150 | J147: 0.0008 | K147: 0.0118 | L147: 0 | M147: 0.01 | N147: 0.00067 | O147: 0.00997 | P147: 37.17 | Q147: 35.54 | R147: 35.67 | S147: 33.54
A148: II-5GUNUNG SAHARI | B148: II-5 | C148: GUNUNG SAHARI | D148: region1 | E148: 143 | F148: II-5 | G148: CILEGONLAMA | H148: UP2B DKI Jakarta & Banten | I148: 150 | J148: 0.0033 | K148: 0.0432 | L148: 0 | M148: 0.04 | N148: 0.00809 | O148: 0.05218 | P148: 9.1 | Q148: 9.77 | R148: 9.06 | S148: 9.7
A149: I-5HARAPAN INDAH | B149: I-5 | C149: HARAPAN INDAH | D149: region1 | E149: 144 | F149: I-5 | G149: CILEGONLAMA | H149: UP2B DKI Jakarta & Banten | I149: 150 | J149: 0.0011 | K149: 0.0131 | L149: 0 | M149: 0.01 | N149: 0.00205 | O149: 0.01826 | P149: 28.16 | Q149: 32.11 | R149: 27.29 | S149: 30.46
A150: II-5HARAPAN INDAH | B150: II-5 | C150: HARAPAN INDAH | D150: region1 | E150: 145 | F150: II-5 | G150: CIMANGGIS | H150: UP2B DKI Jakarta & Banten | I150: 150 | J150: 0.0008 | K150: 0.0113 | L150: 0 | M150: 0.01 | N150: 0.00171 | O150: 0.01248 | P150: 36.07 | Q150: 37.38 | R150: 34.99 | S150: 35.62
A151: I-5INDAH KIAT | B151: I-5 | C151: INDAH KIAT | D151: region1 | E151: 146 | F151: I-5 | G151: CIMANGGIS | H151: UP2B DKI Jakarta & Banten | I151: 150 | J151: 0.0008 | K151: 0.0113 | L151: 0 | M151: 0.01 | N151: 0.00171 | O151: 0.01248 | P151: 36.07 | Q151: 37.38 | R151: 34.99 | S151: 35.62
A152: II-5INDAH KIAT | B152: II-5 | C152: INDAH KIAT | D152: region1 | E152: 147 | F152: II-5 | G152: CIPINANG | H152: UP2B DKI Jakarta & Banten | I152: 150 | J152: 0.0009 | K152: 0.0104 | L152: 0 | M152: 0.01 | N152: 0.00134 | O152: 0.00964 | P152: 40.89 | Q152: 40.31 | R152: 39.45 | S152: 38.28
A153: I-5INDOFERRO | B153: I-5 | C153: INDOFERRO | D153: region1 | E153: 148 | F153: I-5 | G153: CIPINANG | H153: UP2B DKI Jakarta & Banten | I153: 150 | J153: 0.0009 | K153: 0.0104 | L153: 0 | M153: 0.01 | N153: 0.00134 | O153: 0.00964 | P153: 40.89 | Q153: 40.31 | R153: 39.45 | S153: 38.28
A154: II-5INDOFERRO | B154: II-5 | C154: INDOFERRO | D154: region1 | E154: 149 | F154: 44232 | G154: CITRA HABITAT | H154: UP2B DKI Jakarta & Banten | I154: 150 | J154: 0.0031 | K154: 0.0274 | L154: 0 | M154: 0.03 | N154: 0.00951 | O154: 0.03855 | P154: 13.37 | Q154: 15.31 | R154: 13.28 | S154: 15.14
A155: I-5ITP | B155: I-5 | C155: ITP | D155: region1 | E155: 150 | F155: 44201 | G155: CITRA HABITAT | H155: UP2B DKI Jakarta & Banten | I155: 150 | J155: 0.0025 | K155: 0.0312 | L155: 0 | M155: 0.03 | N155: 0.01043 | O155: 0.04997 | P155: 11.17 | Q155: 13.5 | R155: 11.1 | S155: 13.35
A156: I-5JATAKE | B156: I-5 | C156: JATAKE | D156: region1 | E156: 151 | F156: II-5 | G156: CSW | H156: UP2B DKI Jakarta & Banten | I156: 150 | J156: 0.0036 | K156: 0.018 | L156: 0 | M156: 0.02 | N156: 0.01028 | O156: 0.03992 | P156: 16.15 | Q156: 22.96 | R156: 15.68 | S156: 21.6
A157: II-5JATAKE | B157: II-5 | C157: JATAKE | D157: region1 | E157: 152 | F157: I-5 | G157: CSW | H157: UP2B DKI Jakarta & Banten | I157: 150 | J157: 0.0036 | K157: 0.018 | L157: 0 | M157: 0.02 | N157: 0.01028 | O157: 0.03992 | P157: 16.15 | Q157: 22.96 | R157: 15.68 | S157: 21.6
A158: I-5JATIRANGON5 | B158: I-5 | C158: JATIRANGON5 | D158: region1 | E158: 153 | F158: 44232 | G158: CURUG | H158: UP2B DKI Jakarta & Banten | I158: 150 | J158: 0.001 | K158: 0.0131 | L158: 0 | M158: 0.01 | N158: 0.005 | O158: 0.01854 | P158: 27.9 | Q158: 32.22 | R158: 27.61 | S158: 31.64
A159: II-5JATIRANGON5 | B159: II-5 | C159: JATIRANGON5 | D159: region1 | E159: 154 | F159: 44201 | G159: CURUG | H159: UP2B DKI Jakarta & Banten | I159: 150 | J159: 0.001 | K159: 0.0131 | L159: 0 | M159: 0.01 | N159: 0.005 | O159: 0.01854 | P159: 27.9 | Q159: 32.22 | R159: 27.61 | S159: 31.64
A160: I-5JATIWARINGIN5 | B160: I-5 | C160: JATIWARINGIN5 | D160: region1 | E160: 155 | F160: II | G160: DAAN MOGOT | H160: UP2B DKI Jakarta & Banten | I160: 150 | J160: 0.0007 | K160: 0.0105 | L160: 0 | M160: 0.01 | N160: 0.00075 | O160: 0.01004 | P160: 41.35 | Q160: 40.15 | R160: 38.16 | S160: 35.62
A161: II-5JATIWARINGIN5 | B161: II-5 | C161: JATIWARINGIN5 | D161: region1 | E161: 156 | F161: I | G161: DAAN MOGOT | H161: UP2B DKI Jakarta & Banten | I161: 150 | J161: 0.0007 | K161: 0.0105 | L161: 0 | M161: 0.01 | N161: 0.00075 | O161: 0.01004 | P161: 41.35 | Q161: 40.15 | R161: 38.16 | S161: 35.62
A162: I-5KANDANGSAPI | B162: I-5 | C162: KANDANGSAPI | D162: region1 | E162: 157 | F162: II | G162: DANAYASA | H162: UP2B DKI Jakarta & Banten | I162: 150 | J162: 0.0048 | K162: 0.0215 | L162: 0 | M162: 0.02 | N162: 0.01017 | O162: 0.02917 | P162: 16.87 | Q162: 19.11 | R162: 16.59 | S162: 18.57
A163: II-5KANDANGSAPI | B163: II-5 | C163: KANDANGSAPI | D163: region1 | E163: 158 | F163: I | G163: DANAYASA | H163: UP2B DKI Jakarta & Banten | I163: 150 | J163: 0.0022 | K163: 0.0185 | L163: 0 | M163: 0.02 | N163: 0.00975 | O163: 0.02645 | P163: 19.4 | Q163: 22.6 | R163: 19.23 | S163: 22.25
A164: I-5KARET | B164: I-5 | C164: KARET | D164: region1 | E164: 159 | F164: 5-II | G164: DEPOK5 | H164: UP2B DKI Jakarta & Banten | I164: 150 | J164: 0.0007 | K164: 0.0115 | L164: 0 | M164: 0.01 | N164: 0.00097 | O164: 0.01155 | P164: 36.62 | Q164: 36.61 | R164: 35.52 | S164: 34.94
A165: II-5KARET | B165: II-5 | C165: KARET | D165: region1 | E165: 160 | F165: 5-I | G165: DEPOK5 | H165: UP2B DKI Jakarta & Banten | I165: 150 | J165: 0.0008 | K165: 0.0166 | L165: 0 | M165: 0.02 | N165: 0.00075 | O165: 0.01492 | P165: 26.32 | Q165: 25.46 | R165: 25.74 | S165: 24.66
A166: I-5KARET BARU | B166: I-5 | C166: KARET BARU | D166: region1 | E166: 161 | F166: 5-II | G166: DEPOKBARU5 | H166: UP2B DKI Jakarta & Banten | I166: 150 | J166: 0.0007 | K166: 0.0115 | L166: 0 | M166: 0.01 | N166: 0.00165 | O166: 0.01255 | P166: 35.46 | Q166: 36.51 | R166: 34.43 | S166: 34.84
A167: II-5KARET BARU | B167: II-5 | C167: KARET BARU | D167: region1 | E167: 162 | F167: 5-I | G167: DEPOKBARU5 | H167: UP2B DKI Jakarta & Banten | I167: 150 | J167: 0.0007 | K167: 0.0115 | L167: 0 | M167: 0.01 | N167: 0.00165 | O167: 0.01255 | P167: 35.46 | Q167: 36.51 | R167: 34.43 | S167: 34.84
A168: I-5KEBON JERUK | B168: I-5 | C168: KEBON JERUK | D168: region1 | E168: 163 | F168: II-5 | G168: DUKUH ATAS | H168: UP2B DKI Jakarta & Banten | I168: 150 | J168: 0.0022 | K168: 0.0175 | L168: 0 | M168: 0.02 | N168: 0.00723 | O168: 0.01703 | P168: 23.7 | Q168: 23.97 | R168: 23.14 | S168: 23.12
A169: II-5KEBON JERUK | B169: II-5 | C169: KEBON JERUK | D169: region1 | E169: 164 | F169: I-5 | G169: DUKUH ATAS | H169: UP2B DKI Jakarta & Banten | I169: 150 | J169: 0.0019 | K169: 0.0142 | L169: 0 | M169: 0.01 | N169: 0.00717 | O169: 0.01981 | P169: 25.41 | Q169: 29.48 | R169: 24.85 | S169: 28.37
A170: I-5KEBONSIRIH | B170: I-5 | C170: KEBONSIRIH | D170: region1 | E170: 165 | F170: II-5 | G170: DURENTIGA | H170: UP2B DKI Jakarta & Banten | I170: 150 | J170: 0.001 | K170: 0.0151 | L170: 0 | M170: 0.02 | N170: 0.00169 | O170: 0.00981 | P170: 31.49 | Q170: 27.94 | R170: 30.49 | S170: 26.78
A171: II-5KEBONSIRIH | B171: II-5 | C171: KEBONSIRIH | D171: region1 | E171: 166 | F171: I-5 | G171: DURENTIGA | H171: UP2B DKI Jakarta & Banten | I171: 150 | J171: 0.001 | K171: 0.0151 | L171: 0 | M171: 0.02 | N171: 0.00169 | O171: 0.00981 | P171: 31.49 | Q171: 27.94 | R171: 30.49 | S171: 26.78
... A175: II-5KEDUNGBADAK5 | B175: II-5 | C175: KEDUNGBADAK5 | D175: region1 | E175: 170 | F175: I-5 | G175: DURIKOSAMBI | H175: UP2B DKI Jakarta & Banten | I175: 150 | J175: 0.0005 | K175: 0.0086 | L175: 0 | M175: 0.01 | N175: 9e-05 | O175: 0.00332 | P175: 62.97 | Q175: 49.1 | R175: 56.23 | S175: 42.83
A176: I-5KELAPA GADING | B176: I-5 | C176: KELAPA GADING | D176: region1 | E176: 171 | F176: 44232 | G176: GADING SERPONG | H176: UP2B DKI Jakarta & Banten | I176: 150 | J176: 0.001 | K176: 0.013 | L176: 0 | M176: 0.01 | N176: 0.00449 | O176: 0.01685 | P176: 29.07 | Q176: 32.31 | R176: 28.74 | S176: 31.69
A177: II-5KELAPA GADING | B177: II-5 | C177: KELAPA GADING | D177: region1 | E177: 172 | F177: 44201 | G177: GADING SERPONG | H177: UP2B DKI Jakarta & Banten | I177: 150 | J177: 0.001 | K177: 0.013 | L177: 0 | M177: 0.01 | N177: 0.00449 | O177: 0.01685 | P177: 29.07 | Q177: 32.31 | R177: 28.74 | S177: 31.69
A178: I-5KEMANG | B178: I-5 | C178: KEMANG | D178: region1 | E178: 173 | F178: II-5 | G178: GAMBIRBARU | H178: UP2B DKI Jakarta & Banten | I178: 150 | J178: 0.0014 | K178: 0.0181 | L178: 0 | M178: 0.02 | N178: 0.00288 | O178: 0.01933 | P178: 22.5 | Q178: 23.22 | R178: 21.98 | S178: 22.42
A179: II-5KEMANG | B179: II-5 | C179: KEMANG | D179: region1 | E179: 174 | F179: I-5 | G179: GAMBIRBARU | H179: UP2B DKI Jakarta & Banten | I179: 150 | J179: 0.0014 | K179: 0.0181 | L179: 0 | M179: 0.02 | N179: 0.002883 | O179: 0.01933 | P179: 22.5 | Q179: 23.22 | R179: 21.98 | S179: 22.42
A180: I-5KEMAYORAN | B180: I-5 | C180: KEMAYORAN | D180: region1 | E180: 175 | F180: II-5 | G180: GANDUL5 | H180: UP2B DKI Jakarta & Banten | I180: 150 | J180: 0.0003 | K180: 0.0155 | L180: 0 | M180: 0.02 | N180: 1.1e-06 | O180: 0.00396 | P180: 36.31 | Q180: 27.34 | R180: 35.48 | S180: 26.64
A181: II-5KEMAYORAN | B181: II-5 | C181: KEMAYORAN | D181: region1 | E181: 176 | F181: I-5 | G181: GANDUL5 | H181: UP2B DKI Jakarta & Banten | I181: 150 | J181: 0.0005 | K181: 0.0132 | L181: 0 | M181: 0.01 | N181: 1e-05 | O181: 0.00388 | P181: 41.97 | Q181: 32.12 | R181: 40.78 | S181: 31.06
A182: I-5KEMBANGAN5 | B182: I-5 | C182: KEMBANGAN5 | D182: region1 | E182: 177 | F182: I | G182: GEDUNGPOLA | H182: UP2B DKI Jakarta & Banten | I182: 150 | J182: 0.002 | K182: 0.0146 | L182: 0 | M182: 0.01 | N182: 0.0074 | O182: 0.02002 | P182: 24.81 | Q182: 28.53 | R182: 24.27 | S182: 27.48
A183: II-5KEMBANGAN5 | B183: II-5 | C183: KEMBANGAN5 | D183: region1 | E183: 178 | F183: II-5 | G183: GIS GANDARIA II | H183: UP2B DKI Jakarta & Banten | I183: 150 | J183: 0.0028 | K183: 0.03 | L183: 0 | M183: 0.03 | N183: 0.01347 | O183: 0.05763 | P183: 10.64 | Q183: 14.05 | R183: 10.53 | S183: 13.77
...

Sheet DB
B1: panjang L4 | C1: Seleksi L4 lagi | D1: Seleksi L4 | E1: Panjang | F1: ALL Kandidat L4 | G1: Kandidat L4 | H1: Kandidat L4 | I1: Panjang L2 L3 | J1: Seleksi L2 L3 lagi | K1: Seleksi L2 L3 | L1: ALL Kandidat L2,L3 | M1: Kandidat L2,L3 | N1: Kandidat L2,L3 | O1: ALL Kandidat L1 | P1: Kandidat L1 | Q1: Kandidat L1 | T1: CARA UPDATE : Digsilent 14.1 - Object (Kaca Mata) - Line (*.ElmLne) - Basic Data - Select All - Right Click -Spread Sheet Format - Copy (with Column Header) - Paste pada SEL T2 | U1: In Folder | V1: Grid | BA1: Line Couplings
T2: Name | U2: In Folder | V2: Grid | W2: Type | X2: Terminal i | Y2: Terminal i | Z2: Terminal j | AA2: Terminal j | AB2: Zone | AC2: Area | AD2: Out of Service | AE2: Par.no. | AF2: Thermal Rating | AG2: Length | AH2: Derating F. | AI2: Laying | AJ2: Line Model | AK2: Type of Phase Conductors | AL2: Type of Earth Conductors | AM2: Max.Sag, Phase Conductors | AN2: Max.Sag, Ground Wires | AO2: Earth Resistivity | AP2: Transposition | AQ2: Irated | AR2: Z1 | AS2: phiz1 | AT2: R1 | AU2: X1 | AV2: R0 | AW2: X0 | AX2: Ice | AY2: k0 | AZ2: phik0 | BA2: Line Couplings
W3: TypLne,TypTow,TypGeo | X3: Substation | Z3: Substation | AF3: IntThrating | AG3: km | AK3: TypCon | AL3: TypCon | AM3: m | AN3: m | AO3: Ohmm | AQ3: kA | AR3: Ohm | AS3: deg | AT3: Ohm | AU3: Ohm | AV3: Ohm | AW3: Ohm | AX3: A | AZ3: deg
D4: =counta(D5:D1529) -> 2 | F4: =counta(F5:F1529) -> 3 | K4: =counta(K5:K1529) -> 3 | L4: =counta(L5:L1529) -> 4 | T4: 1MENES-1LBUAN-1 | U4: region1 | V4: region1 | W4: OHL-150kV-TACSR 2X410mm (2730A) | X4: MENES5 | Y4: I-5 | Z4: PLTU Banten 2 | AA4: I | AD4: 0 | AE4: 1 | AG4: 6.2 | AH4: 1 | AI4: Ground | AJ4: 0 | AM4: 0 | AN4: 0 | AO4: 100 | AP4: 1 | AQ4: 2.73 | AR4: 1.647643 | AS4: 76.21999 | AT4: 0.39246 | AU4: 1.60022 | AV4: 1.32246 | AW4: 4.80066 | AX4: 0 | AY4: 0.6742607 | AZ4: -2.423059
A5: =COUNTA(C5:Q5)-1 -> 6 | B5: =if(C5="",,AR5) -> 1.647643 | C5: =if(and(D$4>1,E5=PROSES!$D$22),,D5) -> 1MENES-1LBUAN-2 | D5: =if(and(F$4>1,F5=PROSES!$B$22),,F5) -> 1MENES-1LBUAN-2 | E5: =if(F5="",,AR5) -> 1.647643 | F5: =if(G5=H5,,(G5&H5)) -> 1MENES-1LBUAN-2 | G5: =if(Z5=PROSES!$E$29,T5,) | H5: =if(X5=PROSES!$E$29,T5,) -> 1MENES-1LBUAN-2 | I5: =if(J5="",,AR5) | J5: =if(and(K$4>1,R5=PROSES!$C$2),,K5) | K5: =if(and(L$4>1,L5=PROSES!$B$2),,L5) | L5: =if(M5=N5,,(M5&N5)) | M5: =if(Z5=PROSES!$B$3,T5,) | N5: =if(X5=PROSES!$B$3,T5,) | O5: =P5&Q5 -> 1MENES-1LBUAN-2 | P5: =if(Z5=PROSES!$B$1,T5,) | Q5: =if(X5=PROSES!$B$1,T5,) -> 1MENES-1LBUAN-2 | R5: =X5&Z5 -> MENES5PLTU Banten 2 | T5: 1MENES-1LBUAN-2 | U5: region1 | V5: region1 | W5: OHL-150kV-TACSR 2X410mm (2730A) | X5: MENES5 | Y5: II-5 | Z5: PLTU Banten 2 | AA5: I | AD5: 0 | AE5: 1 | AG5: 6.2 | AH5: 1 | AI5: Ground | AJ5: 0 | AM5: 0 | AN5: 0 | AO5: 100 | AP5: 1 | AQ5: 2.73 | AR5: 1.647643 | AS5: 76.21999 | AT5: 0.39246 | AU5: 1.60022 | AV5: 1.32246 | AW5: 4.80066 | AX5: 0 | AY5: 0.6742607 | AZ5: -2.423059
A6: =COUNTA(C6:Q6)-1 -> 0 | B6: =if(C6="",,AR6) | C6: =if(and(D$4>1,E6=PROSES!$D$22),,D6) | D6: =if(and(F$4>1,F6=PROSES!$B$10),,F6) | E6: =if(F6="",,AR6) | F6: =if(G6=H6,,(G6&H6)) | G6: =if(Z6=PROSES!$E$29,T6,) | H6: =if(X6=PROSES!$E$29,T6,) | I6: =if(J6="",,AR6) | J6: =if(and($K$4>1,R6=PROSES!$C$2),,K6) | K6: =if(and($L$4>1,L6=PROSES!$B$2),,L6) | L6: =if(M6=N6,,(M6&N6)) | M6: =if(Z6=PROSES!$B$3,T6,) | N6: =if(X6=PROSES!$B$3,T6,) | O6: =P6&Q6 | P6: =if(Z6=PROSES!$B$1,T6,) | Q6: =if(X6=PROSES!$B$1,T6,) | R6: =X6&Z6 -> PLTU Banten 2SAKETI5 | T6: 1SAKETI-1LBUAN-1 | U6: region1 | V6: region1 | W6: OHL-150kV-TACSR 2X410mm (2730A) | X6: PLTU Banten 2 | Y6: I | Z6: SAKETI5 | AA6: I-5 | AD6: 0 | AE6: 1 | AG6: 20.299 | AH6: 1 | AI6: Ground | AJ6: 0 | AM6: 0 | AN6: 0 | AO6: 100 | AP6: 1 | AQ6: 2.73 | AR6: 5.394438 | AS6: 76.21999 | AT6: 1.284927 | AU6: 5.239172 | AV6: 4.329777 | AW6: 15.71751 | AX6: 0 | AY6: 0.6742607 | AZ6: -2.423059
A7: =COUNTA(C7:Q7)-1 -> 0 | B7: =if(C7="",,AR7) | C7: =if(and(D$4>1,E7=PROSES!$D$22),,D7) | D7: =if(and(F$4>1,F7=PROSES!$B$10),,F7) | E7: =if(F7="",,AR7) | F7: =if(G7=H7,,(G7&H7)) | G7: =if(Z7=PROSES!$E$29,T7,) | H7: =if(X7=PROSES!$E$29,T7,) | I7: =if(J7="",,AR7) | J7: =if(and($K$4>1,R7=PROSES!$C$2),,K7) | K7: =if(and($L$4>1,L7=PROSES!$B$2),,L7) | L7: =if(M7=N7,,(M7&N7)) | M7: =if(Z7=PROSES!$B$3,T7,) | N7: =if(X7=PROSES!$B$3,T7,) | O7: =P7&Q7 | P7: =if(Z7=PROSES!$B$1,T7,) | Q7: =if(X7=PROSES!$B$1,T7,) | R7: =X7&Z7 -> SAKETI5PLTU Banten 2 | T7: 1SAKETI-1LBUAN-2 | U7: region1 | V7: region1 | W7: OHL-150kV-TACSR 2X410mm (2730A) | X7: SAKETI5 | Y7: II-5 | Z7: PLTU Banten 2 | AA7: I | AD7: 0 | AE7: 1 | AG7: 20.299 | AH7: 1 | AI7: Ground | AJ7: 0 | AM7: 0 | AN7: 0 | AO7: 100 | AP7: 1 | AQ7: 2.73 | AR7: 5.394438 | AS7: 76.21999 | AT7: 1.284927 | AU7: 5.239172 | AV7: 4.329777 | AW7: 15.71751 | AX7: 0 | AY7: 0.6742607 | AZ7: -2.423059
A8: =COUNTA(C8:Q8)-1 -> 0 | B8: =if(C8="",,AR8) | C8: =if(and(D$4>1,E8=PROSES!$D$22),,D8) | D8: =if(and(F$4>1,F8=PROSES!$B$10),,F8) | E8: =if(F8="",,AR8) | F8: =if(G8=H8,,(G8&H8)) | G8: =if(Z8=PROSES!$E$29,T8,) | H8: =if(X8=PROSES!$E$29,T8,) | I8: =if(J8="",,AR8) | J8: =if(and($K$4>1,R8=PROSES!$C$2),,K8) | K8: =if(and($L$4>1,L8=PROSES!$B$2),,L8) | L8: =if(M8=N8,,(M8&N8)) | M8: =if(Z8=PROSES!$B$3,T8,) | N8: =if(X8=PROSES!$B$3,T8,) | O8: =P8&Q8 | P8: =if(Z8=PROSES!$B$1,T8,) | Q8: =if(X8=PROSES!$B$1,T8,) | R8: =X8&Z8 -> SPINMILLSPINMILL CONSUMER | T8: 1SPINML-CNSMR | U8: region1 | V8: region1 | W8: CAB-150kV-XLPE-CU-BRUG 1000mm (897 A) | X8: SPINMILL | Y8: 44201 | Z8: SPINMILL CONSUMER | AA8: 44201 | AD8: 0 | AE8: 1 | AG8: 3.7 | AH8: 1 | AI8: Ground | AJ8: 0 | AM8: 0 | AN8: 0 | AO8: 100 | AP8: 1 | AQ8: 0.897 | AR8: 0.8897078 | AS8: 67.40213 | AT8: 0.34188 | AU8: 0.8214 | AV8: 13.67631 | AW8: 0.30118 | AX8: 0 | AY8: 4.999609 | AZ8: -69.63629
A9: =COUNTA(C9:Q9)-1 -> 0 | B9: =if(C9="",,AR9) | C9: =if(and(D$4>1,E9=PROSES!$D$22),,D9) | D9: =if(and(F$4>1,F9=PROSES!$B$22),,F9) | E9: =if(F9="",,AR9) | F9: =if(G9=H9,,(G9&H9)) | G9: =if(Z9=PROSES!$E$29,T9,) | H9: =if(X9=PROSES!$E$29,T9,) | I9: =if(J9="",,AR9) | J9: =if(and($K$4>1,R9=PROSES!$C$2),,K9) | K9: =if(and($L$4>1,L9=PROSES!$B$2),,L9) | L9: =if(M9=N9,,(M9&N9)) | M9: =if(Z9=PROSES!$B$3,T9,) | N9: =if(X9=PROSES!$B$3,T9,) | O9: =P9&Q9 | P9: =if(Z9=PROSES!$B$1,T9,) | Q9: =if(X9=PROSES!$B$1,T9,) | R9: =X9&Z9 -> KESUGIHAN7ADIPALA7 | T9: ADPLA - KSGHN 1 | U9: 500kV | V9: 500kV | W9: OHL-500kV-ACSR-ZEBRA 4X484.5mm (3240A) | X9: KESUGIHAN7 | Y9: B | Z9: ADIPALA7 | AA9: B | AD9: 0 | AE9: 1 | AG9: 13.83 | AH9: 1 | AI9: Ground | AJ9: 0 | AM9: 0 | AN9: 0 | AO9: 100 | AP9: 1 | AQ9: 3.24 | AR9: 3.179006 | AS9: 85.0335 | AT9: 0.275217 | AU9: 3.16707 | AV9: 2.349717 | AW9: 9.501209 | AX9: 0 | AY9: 0.6988767 | AZ9: -13.16769
A10: =COUNTA(C10:Q10)-1 -> 0 | B10: =if(C10="",,AR10) | C10: =if(and(D$4>1,E10=PROSES!$D$22),,D10) | D10: =if(and(F$4>1,F10=PROSES!$B$10),,F10) | E10: =if(F10="",,AR10) | F10: =if(G10=H10,,(G10&H10)) | G10: =if(Z10=PROSES!$E$29,T10,) | H10: =if(X10=PROSES!$E$29,T10,) | I10: =if(J10="",,AR10) | J10: =if(and($K$4>1,R10=PROSES!$C$2),,K10) | K10: =if(and($L$4>1,L10=PROSES!$B$2),,L10) | L10: =if(M10=N10,,(M10&N10)) | M10: =if(Z10=PROSES!$B$3,T10,) | N10: =if(X10=PROSES!$B$3,T10,) | O10: =P10&Q10 | P10: =if(Z10=PROSES!$B$1,T10,) | Q10: =if(X10=PROSES!$B$1,T10,) | R10: =X10&Z10 -> KESUGIHAN7ADIPALA7 | T10: ADPLA - KSGHN 2 | U10: 500kV | V10: 500kV | W10: OHL-500kV-ACSR-ZEBRA 4X484.5mm (3240A) | X10: KESUGIHAN7 | Y10: B | Z10: ADIPALA7 | AA10: B | AD10: 0 | AE10: 1 | AG10: 13.83 | AH10: 1 | AI10: Ground | AJ10: 0 | AM10: 0 | AN10: 0 | AO10: 100 | AP10: 1 | AQ10: 3.24 | AR10: 3.179006 | AS10: 85.0335 | AT10: 0.275217 | AU10: 3.16707 | AV10: 2.349717 | AW10: 9.501209 | AX10: 0 | AY10: 0.6988767 | AZ10: -13.16769
A11: =COUNTA(C11:Q11)-1 -> 0 | B11: =if(C11="",,AR11) | C11: =if(and(D$4>1,E11=PROSES!$D$22),,D11) | D11: =if(and(F$4>1,F11=PROSES!$B$10),,F11) | E11: =if(F11="",,AR11) | F11: =if(G11=H11,,(G11&H11)) | G11: =if(Z11=PROSES!$E$29,T11,) | H11: =if(X11=PROSES!$E$29,T11,) | I11: =if(J11="",,AR11) | J11: =if(and($K$4>1,R11=PROSES!$C$2),,K11) | K11: =if(and($L$4>1,L11=PROSES!$B$2),,L11) | L11: =if(M11=N11,,(M11&N11)) | M11: =if(Z11=PROSES!$B$3,T11,) | N11: =if(X11=PROSES!$B$3,T11,) | O11: =P11&Q11 | P11: =if(Z11=PROSES!$B$1,T11,) | Q11: =if(X11=PROSES!$B$1,T11,) | R11: =X11&Z11 -> DANAYASAABADI GUNA PAPAN | T11: AGP-DNYSA | U11: region1 | V11: region1 | W11: CAB-150kV-CU 240mm (464 A) | X11: DANAYASA | Y11: II | Z11: ABADI GUNA PAPAN | AA11: II-5 | AD11: 0 | AE11: 1 | AG11: 4.1 | AH11: 1 | AI11: Ground | AJ11: 0 | AM11: 0 | AN11: 0 | AO11: 100 | AP11: 1 | AQ11: 0.464 | AR11: 0.9627931 | AS11: 54.0085 | AT11: 0.5658 | AU11: 0.779 | AV11: 1.1808 | AW11: 2.337 | AX11: 0 | AY11: 0.5799062 | AZ11: 14.45052
A12: =COUNTA(C12:Q12)-1 -> 0 | B12: =if(C12="",,AR12) | C12: =if(and(D$4>1,E12=PROSES!$D$22),,D12) | D12: =if(and(F$4>1,F12=PROSES!$B$10),,F12) | E12: =if(F12="",,AR12) | F12: =if(G12=H12,,(G12&H12)) | G12: =if(Z12=PROSES!$E$29,T12,) | H12: =if(X12=PROSES!$E$29,T12,) | I12: =if(J12="",,AR12) | J12: =if(and($K$4>1,R12=PROSES!$C$2),,K12) | K12: =if(and($L$4>1,L12=PROSES!$B$2),,L12) | L12: =if(M12=N12,,(M12&N12)) | M12: =if(Z12=PROSES!$B$3,T12,) | N12: =if(X12=PROSES!$B$3,T12,) | O12: =P12&Q12 | P12: =if(Z12=PROSES!$B$1,T12,) | Q12: =if(X12=PROSES!$B$1,T12,) | R12: =X12&Z12 -> ALTA PRIMA5SURABAYA BARAT5 | T12: ALTAP-SBBRT 1 | U12: region4 | V12: region4 | W12: OHL-150kV-ACSR AW 2x340 mm2 (1480A) | X12: ALTA PRIMA5 | Y12: 5-I | Z12: SURABAYA BARAT5 | AA12: 5-I | AD12: 0 | AE12: 1 | AG12: 18.849 | AH12: 1 | AI12: Ground | AJ12: 0 | AM12: 0 | AN12: 0 | AO12: 100 | AP12: 1 | AQ12: 1.48 | AR12: 3.71445 | AS12: 75.63232 | AT12: 0.9217162 | AU12: 3.598274 | AV12: 3.162862 | AW12: 11.58177 | AX12: 0 | AY12: 0.7441298 | AZ12: -1.31295
A13: =COUNTA(C13:Q13)-1 -> 0 | B13: =if(C13="",,AR13) | C13: =if(and(D$4>1,E13=PROSES!$D$22),,D13) | D13: =if(and(F$4>1,F13=PROSES!$B$10),,F13) | E13: =if(F13="",,AR13) | F13: =if(G13=H13,,(G13&H13)) | G13: =if(Z13=PROSES!$E$29,T13,) | H13: =if(X13=PROSES!$E$29,T13,) | I13: =if(J13="",,AR13) | J13: =if(and($K$4>1,R13=PROSES!$C$2),,K13) | K13: =if(and($L$4>1,L13=PROSES!$B$2),,L13) | L13: =if(M13=N13,,(M13&N13)) | M13: =if(Z13=PROSES!$B$3,T13,) | N13: =if(X13=PROSES!$B$3,T13,) | O13: =P13&Q13 | P13: =if(Z13=PROSES!$B$1,T13,) | Q13: =if(X13=PROSES!$B$1,T13,) | R13: =X13&Z13 -> ALTA PRIMA5SURABAYA BARAT5 | T13: ALTAP-SBBRT 2 | U13: region4 | V13: region4 | W13: OHL-150kV-ACSR AW 2x340 mm2 (1480A) | X13: ALTA PRIMA5 | Y13: 5-II | Z13: SURABAYA BARAT5 | AA13: 5-I | AD13: 0 | AE13: 1 | AG13: 18.849 | AH13: 1 | AI13: Ground | AJ13: 0 | AM13: 0 | AN13: 0 | AO13: 100 | AP13: 1 | AQ13: 1.48 | AR13: 3.71445 | AS13: 75.63232 | AT13: 0.9217162 | AU13: 3.598274 | AV13: 3.162862 | AW13: 11.58177 | AX13: 0 | AY13: 0.7441298 | AZ13: -1.31295
A14: =COUNTA(C14:Q14)-1 -> 0 | B14: =if(C14="",,AR14) | C14: =if(and(D$4>1,E14=PROSES!$D$22),,D14) | D14: =if(and(F$4>1,F14=PROSES!$B$10),,F14) | E14: =if(F14="",,AR14) | F14: =if(G14=H14,,(G14&H14)) | G14: =if(Z14=PROSES!$E$29,T14,) | H14: =if(X14=PROSES!$E$29,T14,) | I14: =if(J14="",,AR14) | J14: =if(and($K$4>1,R14=PROSES!$C$2),,K14) | K14: =if(and($L$4>1,L14=PROSES!$B$2),,L14) | L14: =if(M14=N14,,(M14&N14)) | M14: =if(Z14=PROSES!$B$3,T14,) | N14: =if(X14=PROSES!$B$3,T14,) | O14: =P14&Q14 | P14: =if(Z14=PROSES!$B$1,T14,) | Q14: =if(X14=PROSES!$B$1,T14,) | R14: =X14&Z14 -> ANCOLKEMAYORAN | T14: ANCOL-KMYRN -1 | U14: region1 | V14: region1 | W14: OHL-150kV-ZEBRA 2X484.5mm (1620A) | X14: ANCOL | Y14: II-5 | Z14: KEMAYORAN | AA14: I-5 | AD14: 0 | AE14: 1 | AG14: 6.2 | AH14: 1 | AI14: Ground | AJ14: 0 | AM14: 0 | AN14: 0 | AO14: 100 | AP14: 1 | AQ14: 1.62 | AR14: 1.756802 | AS14: 82.15014 | AT14: 0.23994 | AU14: 1.74034 | AV14: 1.16994 | AW14: 5.22102 | AX14: 0 | AY14: 0.683587 | AZ14: -7.109503
A15: =COUNTA(C15:Q15)-1 -> 0 | B15: =if(C15="",,AR15) | C15: =if(and(D$4>1,E15=PROSES!$D$22),,D15) | D15: =if(and(F$4>1,F15=PROSES!$B$10),,F15) | E15: =if(F15="",,AR15) | F15: =if(G15=H15,,(G15&H15)) | G15: =if(Z15=PROSES!$E$29,T15,) | H15: =if(X15=PROSES!$E$29,T15,) | I15: =if(J15="",,AR15) | J15: =if(and($K$4>1,R15=PROSES!$C$2),,K15) | K15: =if(and($L$4>1,L15=PROSES!$B$2),,L15) | L15: =if(M15=N15,,(M15&N15)) | M15: =if(Z15=PROSES!$B$3,T15,) | N15: =if(X15=PROSES!$B$3,T15,) | O15: =P15&Q15 | P15: =if(Z15=PROSES!$B$1,T15,) | Q15: =if(X15=PROSES!$B$1,T15,) | R15: =X15&Z15 -> ANCOLKEMAYORAN | T15: ANCOL-KMYRN -2 | U15: region1 | V15: region1 | W15: OHL-150kV-ZEBRA 2X484.5mm (1620A) | X15: ANCOL | Y15: II-5 | Z15: KEMAYORAN | AA15: II-5 | AD15: 0 | AE15: 1 | AG15: 6.2 | AH15: 1 | AI15: Ground | AJ15: 0 | AM15: 0 | AN15: 0 | AO15: 100 | AP15: 1 | AQ15: 1.62 | AR15: 1.756802 | AS15: 82.15014 | AT15: 0.23994 | AU15: 1.74034 | AV15: 1.16994 | AW15: 5.22102 | AX15: 0 | AY15: 0.683587 | AZ15: -7.109503
A16: =COUNTA(C16:Q16)-1 -> 0 | B16: =if(C16="",,AR16) | C16: =if(and(D$4>1,E16=PROSES!$D$22),,D16) | D16: =if(and(F$4>1,F16=PROSES!$B$10),,F16) | E16: =if(F16="",,AR16) | F16: =if(G16=H16,,(G16&H16)) | G16: =if(Z16=PROSES!$E$29,T16,) | H16: =if(X16=PROSES!$E$29,T16,) | I16: =if(J16="",,AR16) | J16: =if(and($K$4>1,R16=PROSES!$C$2),,K16) | K16: =if(and($L$4>1,L16=PROSES!$B$2),,L16) | L16: =if(M16=N16,,(M16&N16)) | M16: =if(Z16=PROSES!$B$3,T16,) | N16: =if(X16=PROSES!$B$3,T16,) | O16: =P16&Q16 | P16: =if(Z16=PROSES!$B$1,T16,) | Q16: =if(X16=PROSES!$B$1,T16,) | R16: =X16&Z16 -> ANGKEANCOL | T16: ANGKE-ANCOL -1 | U16: region1 | V16: region1 | W16: OHL-150kV-ACCC-WARSAW 510mm (1714 A) | X16: ANGKE | Y16: I-5 | Z16: ANCOL | AA16: II-5 | AD16: 0 | AE16: 1 | AG16: 4.6 | AH16: 1 | AI16: Ground | AJ16: 0 | AM16: 0 | AN16: 0 | AO16: 100 | AP16: 1 | AQ16: 1.473 | AR16: 1.232494 | AS16: 70.06567 | AT16: 0.42021 | AU16: 1.158648 | AV16: 1.1086 | AW16: 3.47484 | AX16: 0 | AY16: 0.6535055 | AZ16: 3.381974
A17: =COUNTA(C17:Q17)-1 -> 0 | B17: =if(C17="",,AR17) | C17: =if(and(D$4>1,E17=PROSES!$D$22),,D17) | D17: =if(and(F$4>1,F17=PROSES!$B$10),,F17) | E17: =if(F17="",,AR17) | F17: =if(G17=H17,,(G17&H17)) | G17: =if(Z17=PROSES!$E$29,T17,) | H17: =if(X17=PROSES!$E$29,T17,) | I17: =if(J17="",,AR17) | J17: =if(and($K$4>1,R17=PROSES!$C$2),,K17) | K17: =if(and($L$4>1,L17=PROSES!$B$2),,L17) | L17: =if(M17=N17,,(M17&N17)) | M17: =if(Z17=PROSES!$B$3,T17,) | N17: =if(X17=PROSES!$B$3,T17,) | O17: =P17&Q17 | P17: =if(Z17=PROSES!$B$1,T17,) | Q17: =if(X17=PROSES!$B$1,T17,) | R17: =X17&Z17 -> ANGKEANCOL | T17: ANGKE-ANCOL -2 | U17: region1 | V17: region1 | W17: OHL-150kV-ACCC-WARSAW 510mm (1714 A) | X17: ANGKE | Y17: I-5 | Z17: ANCOL | AA17: II-5 | AD17: 0 | AE17: 1 | AG17: 4.6 | AH17: 1 | AI17: Ground | AJ17: 0 | AM17: 0 | AN17: 0 | AO17: 100 | AP17: 1 | AQ17: 1.473 | AR17: 1.232494 | AS17: 70.06567 | AT17: 0.42021 | AU17: 1.158648 | AV17: 1.1086 | AW17: 3.47484 | AX17: 0 | AY17: 0.6535055 | AZ17: 3.381974
A18: =COUNTA(C18:Q18)-1 -> 0 | B18: =if(C18="",,AR18) | C18: =if(and(D$4>1,E18=PROSES!$D$22),,D18) | D18: =if(and(F$4>1,F18=PROSES!$B$10),,F18) | E18: =if(F18="",,AR18) | F18: =if(G18=H18,,(G18&H18)) | G18: =if(Z18=PROSES!$E$29,T18,) | H18: =if(X18=PROSES!$E$29,T18,) | I18: =if(J18="",,AR18) | J18: =if(and($K$4>1,R18=PROSES!$C$2),,K18) | K18: =if(and($L$4>1,L18=PROSES!$B$2),,L18) | L18: =if(M18=N18,,(M18&N18)) | M18: =if(Z18=PROSES!$B$3,T18,) | N18: =if(X18=PROSES!$B$3,T18,) | O18: =P18&Q18 | P18: =if(Z18=PROSES!$B$1,T18,) | Q18: =if(X18=PROSES!$B$1,T18,) | R18: =X18&Z18 -> ANGKEKARET | T18: ANGKE-KRLMA-1 | U18: region1 | V18: region1 | W18: OHL-150kV-ACFR 2x315mm2 (2500A) | X18: ANGKE | Y18: I-5 | Z18: KARET | AA18: I-5 | AD18: 0 | AE18: 1 | AG18: 7.9 | AH18: 1 | AI18: Ground | AJ18: 0 | AM18: 0 | AN18: 0 | AO18: 100 | AP18: 1 | AQ18: 2.5 | AR18: 2.4283 | AS18: 78.30622 | AT18: 0.49217 | AU18: 2.3779 | AV18: 1.7064 | AW18: 6.5017 | AX18: 0 | AY18: 0.5901038 | AZ18: -4.712997
A19: =COUNTA(C19:Q19)-1 -> 0 | B19: =if(C19="",,AR19) | C19: =if(and(D$4>1,E19=PROSES!$D$22),,D19) | D19: =if(and(F$4>1,F19=PROSES!$B$10),,F19) | E19: =if(F19="",,AR19) | F19: =if(G19=H19,,(G19&H19)) | G19: =if(Z19=PROSES!$E$29,T19,) | H19: =if(X19=PROSES!$E$29,T19,) | I19: =if(J19="",,AR19) | J19: =if(and($K$4>1,R19=PROSES!$C$2),,K19) | K19: =if(and($L$4>1,L19=PROSES!$B$2),,L19) | L19: =if(M19=N19,,(M19&N19)) | M19: =if(Z19=PROSES!$B$3,T19,) | N19: =if(X19=PROSES!$B$3,T19,) | O19: =P19&Q19 | P19: =if(Z19=PROSES!$B$1,T19,) | Q19: =if(X19=PROSES!$B$1,T19,) | R19: =X19&Z19 -> ANGKEKARET | T19: ANGKE-KRLMA-2 | U19: region1 | V19: region1 | W19: OHL-150kV-ACFR 2x315mm2 (2500A) | X19: ANGKE | Y19: I-5 | Z19: KARET | AA19: I-5 | AD19: 0 | AE19: 1 | AG19: 7.9 | AH19: 1 | AI19: Ground | AJ19: 0 | AM19: 0 | AN19: 0 | AO19: 100 | AP19: 1 | AQ19: 2.5 | AR19: 2.4283 | AS19: 78.30622 | AT19: 0.49217 | AU19: 2.3779 | AV19: 1.7064 | AW19: 6.5017 | AX19: 0 | AY19: 0.5901038 | AZ19: -4.712997
A20: =COUNTA(C20:Q20)-1 -> 0 | B20: =if(C20="",,AR20) | C20: =if(and(D$4>1,E20=PROSES!$D$22),,D20) | D20: =if(and(F$4>1,F20=PROSES!$B$10),,F20) | E20: =if(F20="",,AR20) | F20: =if(G20=H20,,(G20&H20)) | G20: =if(Z20=PROSES!$E$29,T20,) | H20: =if(X20=PROSES!$E$29,T20,) | I20: =if(J20="",,AR20) | J20: =if(and($K$4>1,R20=PROSES!$C$2),,K20) | K20: =if(and($L$4>1,L20=PROSES!$B$2),,L20) | L20: =if(M20=N20,,(M20&N20)) | M20: =if(Z20=PROSES!$B$3,T20,) | N20: =if(X20=PROSES!$B$3,T20,) | O20: =P20&Q20 | P20: =if(Z20=PROSES!$B$1,T20,) | Q20: =if(X20=PROSES!$B$1,T20,) | R20: =X20&Z20 -> ANGKEKETAPANG | T20: ANGKE-KTPNG-1 | U20: region1 | V20: region1 | W20: CAB-150kV-CU 240mm (550A) | X20: ANGKE | Y20: II-5 | Z20: KETAPANG | AA20: I-5 | AD20: 0 | AE20: 1 | AG20: 5.5 | AH20: 1 | AI20: Ground | AJ20: 0 | AM20: 0 | AN20: 0 | AO20: 100 | AP20: 1 | AQ20: 0.55 | AR20: 0.8695046 | AS20: 56.61149 | AT20: 0.4785 | AU20: 0.726 | AV20: 1.3035 | AW20: 2.178 | AX20: 0 | AY20: 0.6402146 | AZ20: 3.784061
A21: =COUNTA(C21:Q21)-1 -> 0 | B21: =if(C21="",,AR21) | C21: =if(and(D$4>1,E21=PROSES!$D$22),,D21) | D21: =if(and(F$4>1,F21=PROSES!$B$10),,F21) | E21: =if(F21="",,AR21) | F21: =if(G21=H21,,(G21&H21)) | G21: =if(Z21=PROSES!$E$29,T21,) | H21: =if(X21=PROSES!$E$29,T21,) | I21: =if(J21="",,AR21) | J21: =if(and($K$4>1,R21=PROSES!$C$2),,K21) | K21: =if(and($L$4>1,L21=PROSES!$B$2),,L21) | L21: =if(M21=N21,,(M21&N21)) | M21: =if(Z21=PROSES!$B$3,T21,) | N21: =if(X21=PROSES!$B$3,T21,) | O21: =P21&Q21 | P21: =if(Z21=PROSES!$B$1,T21,) | Q21: =if(X21=PROSES!$B$1,T21,) | R21: =X21&Z21 -> ANGKEKETAPANG | T21: ANGKE-KTPNG-2 | U21: region1 | V21: region1 | W21: CAB-150kV-CU 240mm (550A) | X21: ANGKE | Y21: II-5 | Z21: KETAPANG | AA21: I-5 | AD21: 0 | AE21: 1 | AG21: 5.5 | AH21: 1 | AI21: Ground | AJ21: 0 | AM21: 0 | AN21: 0 | AO21: 100 | AP21: 1 | AQ21: 0.55 | AR21: 0.8695046 | AS21: 56.61149 | AT21: 0.4785 | AU21: 0.726 | AV21: 1.3035 | AW21: 2.178 | AX21: 0 | AY21: 0.6402146 | AZ21: 3.784061
... A25: =COUNTA(C25:Q25)-1 -> 0 | B25: =if(C25="",,AR25) | C25: =if(and(D$4>1,E25=PROSES!$D$22),,D25) | D25: =if(and(F$4>1,F25=PROSES!$B$10),,F25) | E25: =if(F25="",,AR25) | F25: =if(G25=H25,,(G25&H25)) | G25: =if(Z25=PROSES!$E$29,T25,) | H25: =if(X25=PROSES!$E$29,T25,) | I25: =if(J25="",,AR25) | J25: =if(and($K$4>1,R25=PROSES!$C$2),,K25) | K25: =if(and($L$4>1,L25=PROSES!$B$2),,L25) | L25: =if(M25=N25,,(M25&N25)) | M25: =if(Z25=PROSES!$B$3,T25,) | N25: =if(X25=PROSES!$B$3,T25,) | O25: =P25&Q25 | P25: =if(Z25=PROSES!$B$1,T25,) | Q25: =if(X25=PROSES!$B$1,T25,) | R25: =X25&Z25 -> ANTASARIKEMANG | T25: ANTASARI-KEMANG 2 | U25: region1 | V25: region1 | W25: CAB-150 KV N2XCK2Y CU 1x1000mm (769) | X25: ANTASARI | Y25: I-5 | Z25: KEMANG | AA25: II-5 | AD25: 0 | AE25: 1 | AG25: 2.1 | AH25: 1 | AI25: Ground | AJ25: 0 | AM25: 0 | AN25: 0 | AO25: 100 | AP25: 1 | AQ25: 0.769 | AR25: 0.341158 | AS25: 83.78055 | AT25: 0.03696 | AU25: 0.33915 | AV25: 0.3528 | AW25: 1.0185 | AX25: 0 | AY25: 0.7319975 | AZ25: -18.71497
A26: =COUNTA(C26:Q26)-1 -> 0 | B26: =if(C26="",,AR26) | C26: =if(and(D$4>1,E26=PROSES!$D$22),,D26) | D26: =if(and(F$4>1,F26=PROSES!$B$10),,F26) | E26: =if(F26="",,AR26) | F26: =if(G26=H26,,(G26&H26)) | G26: =if(Z26=PROSES!$E$29,T26,) | H26: =if(X26=PROSES!$E$29,T26,) | I26: =if(J26="",,AR26) | J26: =if(and($K$4>1,R26=PROSES!$C$2),,K26) | K26: =if(and($L$4>1,L26=PROSES!$B$2),,L26) | L26: =if(M26=N26,,(M26&N26)) | M26: =if(Z26=PROSES!$B$3,T26,) | N26: =if(X26=PROSES!$B$3,T26,) | O26: =P26&Q26 | P26: =if(Z26=PROSES!$B$1,T26,) | Q26: =if(X26=PROSES!$B$1,T26,) | R26: =X26&Z26 -> ANTASARI | T26: ANTRI-DRTGA 2 | U26: region1 | V26: region1 | W26: CAB-150 KV N2XCK2Y CU 1x1000mm (769) | X26: ANTASARI | Y26: I-5 | AA26: Terminal(99) | AD26: 0 | AE26: 1 | AG26: 2.1 | AH26: 1 | AI26: Ground | AJ26: 0 | AM26: 0 | AN26: 0 | AO26: 100 | AP26: 1 | AQ26: 0.769 | AR26: 0.341158 | AS26: 83.78055 | AT26: 0.03696 | AU26: 0.33915 | AV26: 0.3528 | AW26: 1.0185 | AX26: 0 | AY26: 0.7319975 | AZ26: -18.71497
A27: =COUNTA(C27:Q27)-1 -> 0 | B27: =if(C27="",,AR27) | C27: =if(and(D$4>1,E27=PROSES!$D$22),,D27) | D27: =if(and(F$4>1,F27=PROSES!$B$10),,F27) | E27: =if(F27="",,AR27) | F27: =if(G27=H27,,(G27&H27)) | G27: =if(Z27=PROSES!$E$29,T27,) | H27: =if(X27=PROSES!$E$29,T27,) | I27: =if(J27="",,AR27) | J27: =if(and($K$4>1,R27=PROSES!$C$2),,K27) | K27: =if(and($L$4>1,L27=PROSES!$B$2),,L27) | L27: =if(M27=N27,,(M27&N27)) | M27: =if(Z27=PROSES!$B$3,T27,) | N27: =if(X27=PROSES!$B$3,T27,) | O27: =P27&Q27 | P27: =if(Z27=PROSES!$B$1,T27,) | Q27: =if(X27=PROSES!$B$1,T27,) | R27: =X27&Z27 -> KADIPATEN4ARJAWINANGUN4 | T27: ARJWN-KDPTN1 | U27: region2 | V27: region2 | W27: OHL-70kV-AL/ST120-141.40mm (380A) | X27: KADIPATEN4 | Y27: 4-II | Z27: ARJAWINANGUN4 | AA27: 4-I | AD27: 0 | AE27: 1 | AG27: 29.39 | AH27: 1 | AI27: Ground | AJ27: 0 | AM27: 0 | AN27: 0 | AO27: 100 | AP27: 1 | AQ27: 0.38 | AR27: 13.00317 | AS27: 60.48 | AT27: 6.40702 | AU27: 11.31515 | AV27: 10.81552 | AW27: 33.94545 | AX27: 0 | AY27: 0.5910276 | AZ27: 18.49655
A28: =COUNTA(C28:Q28)-1 -> 0 | B28: =if(C28="",,AR28) | C28: =if(and(D$4>1,E28=PROSES!$D$22),,D28) | D28: =if(and(F$4>1,F28=PROSES!$B$10),,F28) | E28: =if(F28="",,AR28) | F28: =if(G28=H28,,(G28&H28)) | G28: =if(Z28=PROSES!$E$29,T28,) | H28: =if(X28=PROSES!$E$29,T28,) | I28: =if(J28="",,AR28) | J28: =if(and($K$4>1,R28=PROSES!$C$2),,K28) | K28: =if(and($L$4>1,L28=PROSES!$B$2),,L28) | L28: =if(M28=N28,,(M28&N28)) | M28: =if(Z28=PROSES!$B$3,T28,) | N28: =if(X28=PROSES!$B$3,T28,) | O28: =P28&Q28 | P28: =if(Z28=PROSES!$B$1,T28,) | Q28: =if(X28=PROSES!$B$1,T28,) | R28: =X28&Z28 -> ARJAWINANGUN4KADIPATEN4 | T28: ARJWN-KDPTN2 | U28: region2 | V28: region2 | W28: OHL-70kV-AL/ST120-141.40mm (380A) | X28: ARJAWINANGUN4 | Y28: 4-I | Z28: KADIPATEN4 | AA28: 4-II | AD28: 0 | AE28: 1 | AG28: 29.39 | AH28: 1 | AI28: Ground | AJ28: 0 | AM28: 0 | AN28: 0 | AO28: 100 | AP28: 1 | AQ28: 0.38 | AR28: 13.00317 | AS28: 60.48 | AT28: 6.40702 | AU28: 11.31515 | AV28: 10.81552 | AW28: 33.94545 | AX28: 0 | AY28: 0.5910276 | AZ28: 18.49655
A29: =COUNTA(C29:Q29)-1 -> 0 | B29: =if(C29="",,AR29) | C29: =if(and(D$4>1,E29=PROSES!$D$22),,D29) | D29: =if(and(F$4>1,F29=PROSES!$B$10),,F29) | E29: =if(F29="",,AR29) | F29: =if(G29=H29,,(G29&H29)) | G29: =if(Z29=PROSES!$E$29,T29,) | H29: =if(X29=PROSES!$E$29,T29,) | I29: =if(J29="",,AR29) | J29: =if(and($K$4>1,R29=PROSES!$C$2),,K29) | K29: =if(and($L$4>1,L29=PROSES!$B$2),,L29) | L29: =if(M29=N29,,(M29&N29)) | M29: =if(Z29=PROSES!$B$3,T29,) | N29: =if(X29=PROSES!$B$3,T29,) | O29: =P29&Q29 | P29: =if(Z29=PROSES!$B$1,T29,) | Q29: =if(X29=PROSES!$B$1,T29,) | R29: =X29&Z29 -> ARJAWINANGUN4SEMEN PALIMANAN4 | T29: ARJWN-SEMEN1 | U29: region2 | V29: region2 | W29: OHL-70kV-ACSR/OSTRICH 176.7mm (440A) | X29: ARJAWINANGUN4 | Y29: 4-II | Z29: SEMEN PALIMANAN4 | AA29: 4-I | AD29: 0 | AE29: 1 | AG29: 4.5 | AH29: 1 | AI29: Ground | AJ29: 0 | AM29: 0 | AN29: 0 | AO29: 100 | AP29: 1 | AQ29: 0.44 | AR29: 1.998084 | AS29: 60.66966 | AT29: 0.97875 | AU29: 1.74195 | AV29: 1.65375 | AW29: 5.22585 | AX29: 0 | AY29: 0.5920149 | AZ29: 18.36523
A30: =COUNTA(C30:Q30)-1 -> 0 | B30: =if(C30="",,AR30) | C30: =if(and(D$4>1,E30=PROSES!$D$22),,D30) | D30: =if(and(F$4>1,F30=PROSES!$B$10),,F30) | E30: =if(F30="",,AR30) | F30: =if(G30=H30,,(G30&H30)) | G30: =if(Z30=PROSES!$E$29,T30,) | H30: =if(X30=PROSES!$E$29,T30,) | I30: =if(J30="",,AR30) | J30: =if(and($K$4>1,R30=PROSES!$C$2),,K30) | K30: =if(and($L$4>1,L30=PROSES!$B$2),,L30) | L30: =if(M30=N30,,(M30&N30)) | M30: =if(Z30=PROSES!$B$3,T30,) | N30: =if(X30=PROSES!$B$3,T30,) | O30: =P30&Q30 | P30: =if(Z30=PROSES!$B$1,T30,) | Q30: =if(X30=PROSES!$B$1,T30,) | R30: =X30&Z30 -> ARJAWINANGUN4SEMEN PALIMANAN4 | T30: ARJWN-SEMEN2 | U30: region2 | V30: region2 | W30: OHL-70kV-ACSR/OSTRICH 176.7mm (440A) | X30: ARJAWINANGUN4 | Y30: 4-II | Z30: SEMEN PALIMANAN4 | AA30: 4-II | AD30: 0 | AE30: 1 | AG30: 4.5 | AH30: 1 | AI30: Ground | AJ30: 0 | AM30: 0 | AN30: 0 | AO30: 100 | AP30: 1 | AQ30: 0.44 | AR30: 1.998084 | AS30: 60.66966 | AT30: 0.97875 | AU30: 1.74195 | AV30: 1.65375 | AW30: 5.22585 | AX30: 0 | AY30: 0.5920149 | AZ30: 18.36523
A31: =COUNTA(C31:Q31)-1 -> 5 | B31: =if(C31="",,AR31) | C31: =if(and(D$4>1,E31=PROSES!$D$22),,D31) | D31: =if(and(F$4>1,F31=PROSES!$B$10),,F31) | E31: =if(F31="",,AR31) | F31: =if(G31=H31,,(G31&H31)) | G31: =if(Z31=PROSES!$E$29,T31,) | H31: =if(X31=PROSES!$E$29,T31,) | I31: =if(J31="",,AR31) -> 4.818028 | J31: =if(and($K$4>1,R31=PROSES!$C$2),,K31) -> ASAHI-ASAHI2 | K31: =if(and($L$4>1,L31=PROSES!$B$2),,L31) -> ASAHI-ASAHI2 | L31: =if(M31=N31,,(M31&N31)) -> ASAHI-ASAHI2 | M31: =if(Z31=PROSES!$B$3,T31,) -> ASAHI-ASAHI2 | N31: =if(X31=PROSES!$B$3,T31,) | O31: =P31&Q31 | P31: =if(Z31=PROSES!$B$1,T31,) | Q31: =if(X31=PROSES!$B$1,T31,) | R31: =X31&Z31 -> ASAHIMASASAHIMAS 2 | T31: ASAHI-ASAHI2 | U31: region1 | V31: region1 | W31: OHL-150kV-TACSR 2X410mm (2730A) | X31: ASAHIMAS | Y31: B1.0 | Z31: ASAHIMAS 2 | AA31: II-5 | AD31: 0 | AE31: 1 | AG31: 18.13 | AH31: 1 | AI31: Ground | AJ31: 0 | AM31: 0 | AN31: 0 | AO31: 100 | AP31: 1 | AQ31: 2.73 | AR31: 4.818028 | AS31: 76.21999 | AT31: 1.147629 | AU31: 4.679353 | AV31: 3.867129 | AW31: 14.03806 | AX31: 0 | AY31: 0.6742607 | AZ31: -2.423059
A32: =COUNTA(C32:Q32)-1 -> 0 | B32: =if(C32="",,AR32) | C32: =if(and(D$4>1,E32=PROSES!$D$22),,D32) | D32: =if(and(F$4>1,F32=PROSES!$B$10),,F32) | E32: =if(F32="",,AR32) | F32: =if(G32=H32,,(G32&H32)) | G32: =if(Z32=PROSES!$E$29,T32,) | H32: =if(X32=PROSES!$E$29,T32,) | I32: =if(J32="",,AR32) | J32: =if(and($K$4>1,R32=PROSES!$C$2),,K32) | K32: =if(and($L$4>1,L32=PROSES!$B$2),,L32) | L32: =if(M32=N32,,(M32&N32)) | M32: =if(Z32=PROSES!$B$3,T32,) | N32: =if(X32=PROSES!$B$3,T32,) | O32: =P32&Q32 | P32: =if(Z32=PROSES!$B$1,T32,) | Q32: =if(X32=PROSES!$B$1,T32,) | R32: =X32&Z32 -> ASAHIMASCANDRA ASRI 5 | T32: ASAHI-CSRI-1 | U32: region1 | V32: region1 | W32: OHL-150kV-TACSR 2X410mm (2730A) | X32: ASAHIMAS | Y32: B1.1 | Z32: CANDRA ASRI 5 | AA32: I-5 | AD32: 0 | AE32: 1 | AG32: 0.1 | AH32: 1 | AI32: Ground | AJ32: 0 | AM32: 0 | AN32: 0 | AO32: 100 | AP32: 1 | AQ32: 2.73 | AR32: 0.02657489 | AS32: 76.21999 | AT32: 0.00633 | AU32: 0.02581 | AV32: 0.02133 | AW32: 0.07743 | AX32: 0 | AY32: 0.6742607 | AZ32: -2.423059
A33: =COUNTA(C33:Q33)-1 -> 0 | B33: =if(C33="",,AR33) | C33: =if(and(D$4>1,E33=PROSES!$D$22),,D33) | D33: =if(and(F$4>1,F33=PROSES!$B$10),,F33) | E33: =if(F33="",,AR33) | F33: =if(G33=H33,,(G33&H33)) | G33: =if(Z33=PROSES!$E$29,T33,) | H33: =if(X33=PROSES!$E$29,T33,) | I33: =if(J33="",,AR33) | J33: =if(and($K$4>1,R33=PROSES!$C$2),,K33) | K33: =if(and($L$4>1,L33=PROSES!$B$2),,L33) | L33: =if(M33=N33,,(M33&N33)) | M33: =if(Z33=PROSES!$B$3,T33,) | N33: =if(X33=PROSES!$B$3,T33,) | O33: =P33&Q33 | P33: =if(Z33=PROSES!$B$1,T33,) | Q33: =if(X33=PROSES!$B$1,T33,) | R33: =X33&Z33 -> POLYPRIMAASAHIMAS | T33: ASAHI-POLYPRIMA | U33: region1 | V33: region1 | W33: OHL-150kV-DOVE 2X327.94mm (1200A) | X33: POLYPRIMA | Y33: I-5 | Z33: ASAHIMAS | AA33: B1.1 | AD33: 0 | AE33: 1 | AG33: 2 | AH33: 1 | AI33: Ground | AJ33: 0 | AM33: 0 | AN33: 0 | AO33: 100 | AP33: 1 | AQ33: 1.2 | AR33: 0.5668483 | AS33: 78.06761 | AT33: 0.1172 | AU33: 0.5546 | AV33: 0.4172 | AW33: 1.6638 | AX33: 0 | AY33: 0.6756974 | AZ33: -3.202028
A34: =COUNTA(C34:Q34)-1 -> 5 | B34: =if(C34="",,AR34) | C34: =if(and(D$4>1,E34=PROSES!$D$22),,D34) | D34: =if(and(F$4>1,F34=PROSES!$B$10),,F34) | E34: =if(F34="",,AR34) | F34: =if(G34=H34,,(G34&H34)) | G34: =if(Z34=PROSES!$E$29,T34,) | H34: =if(X34=PROSES!$E$29,T34,) | I34: =if(J34="",,AR34) -> 4.791454 | J34: =if(and($K$4>1,R34=PROSES!$C$2),,K34) -> ASAHI2-CSRI | K34: =if(and($L$4>1,L34=PROSES!$B$2),,L34) -> ASAHI2-CSRI | L34: =if(M34=N34,,(M34&N34)) -> ASAHI2-CSRI | M34: =if(Z34=PROSES!$B$3,T34,) | N34: =if(X34=PROSES!$B$3,T34,) -> ASAHI2-CSRI | O34: =P34&Q34 | P34: =if(Z34=PROSES!$B$1,T34,) | Q34: =if(X34=PROSES!$B$1,T34,) | R34: =X34&Z34 -> ASAHIMAS 2CANDRA ASRI 5 | T34: ASAHI2-CSRI | U34: region1 | V34: region1 | W34: OHL-150kV-TACSR 2X410mm (2730A) | X34: ASAHIMAS 2 | Y34: I-5 | Z34: CANDRA ASRI 5 | AA34: I-5 | AD34: 0 | AE34: 1 | AG34: 18.03 | AH34: 1 | AI34: Ground | AJ34: 0 | AM34: 0 | AN34: 0 | AO34: 100 | AP34: 1 | AQ34: 2.73 | AR34: 4.791454 | AS34: 76.21999 | AT34: 1.141299 | AU34: 4.653543 | AV34: 3.845799 | AW34: 13.96063 | AX34: 0 | AY34: 0.6742607 | AZ34: -2.423059
A35: =COUNTA(C35:Q35)-1 -> 8 | B35: =if(C35="",,AR35) -> 0.3587611 | C35: =if(and(D$4>1,E35=PROSES!$D$22),,D35) -> ASAHI2-MNES5-1 | D35: =if(and(F$4>1,F35=PROSES!$B$10),,F35) -> ASAHI2-MNES5-1 | E35: =if(F35="",,AR35) -> 0.3587611 | F35: =if(G35=H35,,(G35&H35)) -> ASAHI2-MNES5-1 | G35: =if(Z35=PROSES!$E$29,T35,) -> ASAHI2-MNES5-1 | H35: =if(X35=PROSES!$E$29,T35,) | I35: =if(J35="",,AR35) | J35: =if(and($K$4>1,R35=PROSES!$C$2),,K35) | K35: =if(and($L$4>1,L35=PROSES!$B$2),,L35) | L35: =if(M35=N35,,(M35&N35)) -> ASAHI2-MNES5-1 | M35: =if(Z35=PROSES!$B$3,T35,) | N35: =if(X35=PROSES!$B$3,T35,) -> ASAHI2-MNES5-1 | O35: =P35&Q35 -> ASAHI2-MNES5-1 | P35: =if(Z35=PROSES!$B$1,T35,) -> ASAHI2-MNES5-1 | Q35: =if(X35=PROSES!$B$1,T35,) | R35: =X35&Z35 -> ASAHIMAS 2MENES5 | T35: ASAHI2-MNES5-1 | U35: region1 | V35: region1 | W35: OHL-150kV-TACSR 2X410mm (2730A) | X35: ASAHIMAS 2 | Y35: II-5 | Z35: MENES5 | AA35: I-5 | AD35: 0 | AE35: 1 | AG35: 1.35 | AH35: 1 | AI35: Ground | AJ35: 0 | AM35: 0 | AN35: 0 | AO35: 100 | AP35: 1 | AQ35: 2.73 | AR35: 0.3587611 | AS35: 76.21999 | AT35: 0.085455 | AU35: 0.348435 | AV35: 0.287955 | AW35: 1.045305 | AX35: 0 | AY35: 0.6742607 | AZ35: -2.423059
A36: =COUNTA(C36:Q36)-1 -> 9 | B36: =if(C36="",,AR36) | C36: =if(and(D$4>1,E36=PROSES!$D$22),,D36) | D36: =if(and(F$4>1,F36=PROSES!$B$10),,F36) | E36: =if(F36="",,AR36) -> 7.312082 | F36: =if(G36=H36,,(G36&H36)) -> ASAHI2-MNES5-2 | G36: =if(Z36=PROSES!$E$29,T36,) | H36: =if(X36=PROSES!$E$29,T36,) -> ASAHI2-MNES5-2 | I36: =if(J36="",,AR36) -> 7.312082 | J36: =if(and($K$4>1,R36=PROSES!$C$2),,K36) -> ASAHI2-MNES5-2 | K36: =if(and($L$4>1,L36=PROSES!$B$2),,L36) -> ASAHI2-MNES5-2 | L36: =if(M36=N36,,(M36&N36)) -> ASAHI2-MNES5-2 | M36: =if(Z36=PROSES!$B$3,T36,) -> ASAHI2-MNES5-2 | N36: =if(X36=PROSES!$B$3,T36,) | O36: =P36&Q36 -> ASAHI2-MNES5-2 | P36: =if(Z36=PROSES!$B$1,T36,) | Q36: =if(X36=PROSES!$B$1,T36,) -> ASAHI2-MNES5-2 | R36: =X36&Z36 -> MENES5ASAHIMAS 2 | T36: ASAHI2-MNES5-2 | U36: region1 | V36: region1 | W36: OHL-150kV-TACSR 2X410mm (2730A) | X36: MENES5 | Y36: II-5 | Z36: ASAHIMAS 2 | AA36: I-5 | AD36: 0 | AE36: 1 | AG36: 27.515 | AH36: 1 | AI36: Ground | AJ36: 0 | AM36: 0 | AN36: 0 | AO36: 100 | AP36: 1 | AQ36: 2.73 | AR36: 7.312082 | AS36: 76.21999 | AT36: 1.741699 | AU36: 7.101622 | AV36: 5.868949 | AW36: 21.30486 | AX36: 0 | AY36: 0.6742607 | AZ36: -2.423059
A37: =COUNTA(C37:Q37)-1 -> 0 | B37: =if(C37="",,AR37) | C37: =if(and(D$4>1,E37=PROSES!$D$22),,D37) | D37: =if(and(F$4>1,F37=PROSES!$B$10),,F37) | E37: =if(F37="",,AR37) | F37: =if(G37=H37,,(G37&H37)) | G37: =if(Z37=PROSES!$E$29,T37,) | H37: =if(X37=PROSES!$E$29,T37,) | I37: =if(J37="",,AR37) | J37: =if(and($K$4>1,R37=PROSES!$C$2),,K37) | K37: =if(and($L$4>1,L37=PROSES!$B$2),,L37) | L37: =if(M37=N37,,(M37&N37)) | M37: =if(Z37=PROSES!$B$3,T37,) | N37: =if(X37=PROSES!$B$3,T37,) | O37: =P37&Q37 | P37: =if(Z37=PROSES!$B$1,T37,) | Q37: =if(X37=PROSES!$B$1,T37,) | R37: =X37&Z37 -> ASARI5KAPAL5 | T37: ASARI-KAPAL 1 | U37: Bali | V37: Bali | W37: OHL-150kV-Hawk 240mm (645A) | X37: ASARI5 | Y37: 5-I | Z37: KAPAL5 | AA37: 5-I | AD37: 0 | AE37: 1 | AG37: 23.31 | AH37: 1 | AI37: Ground | AJ37: 0 | AM37: 0 | AN37: 0 | AO37: 100 | AP37: 1 | AQ37: 0.645 | AR37: 9.78959 | AS37: 70.96105 | AT37: 3.19347 | AU37: 9.25407 | AV37: 6.68997 | AW37: 27.76221 | AX37: 0 | AY37: 0.6413451 | AZ37: 8.340887
A38: =COUNTA(C38:Q38)-1 -> 0 | B38: =if(C38="",,AR38) | C38: =if(and(D$4>1,E38=PROSES!$D$22),,D38) | D38: =if(and(F$4>1,F38=PROSES!$B$10),,F38) | E38: =if(F38="",,AR38) | F38: =if(G38=H38,,(G38&H38)) | G38: =if(Z38=PROSES!$E$29,T38,) | H38: =if(X38=PROSES!$E$29,T38,) | I38: =if(J38="",,AR38) | J38: =if(and($K$4>1,R38=PROSES!$C$2),,K38) | K38: =if(and($L$4>1,L38=PROSES!$B$2),,L38) | L38: =if(M38=N38,,(M38&N38)) | M38: =if(Z38=PROSES!$B$3,T38,) | N38: =if(X38=PROSES!$B$3,T38,) | O38: =P38&Q38 | P38: =if(Z38=PROSES!$B$1,T38,) | Q38: =if(X38=PROSES!$B$1,T38,) | R38: =X38&Z38 -> ASARI5KAPAL5 | T38: ASARI-KAPAL 2 | U38: Bali | V38: Bali | W38: OHL-150kV-Hawk 240mm (645A) | X38: ASARI5 | Y38: 5-II | Z38: KAPAL5 | AA38: 5-II | AD38: 0 | AE38: 1 | AG38: 23.31 | AH38: 1 | AI38: Ground | AJ38: 0 | AM38: 0 | AN38: 0 | AO38: 100 | AP38: 1 | AQ38: 0.645 | AR38: 9.78959 | AS38: 70.96105 | AT38: 3.19347 | AU38: 9.25407 | AV38: 6.68997 | AW38: 27.76221 | AX38: 0 | AY38: 0.6413451 | AZ38: 8.340887
... A42: =COUNTA(C42:Q42)-1 -> 0 | B42: =if(C42="",,AR42) | C42: =if(and(D$4>1,E42=PROSES!$D$22),,D42) | D42: =if(and(F$4>1,F42=PROSES!$B$10),,F42) | E42: =if(F42="",,AR42) | F42: =if(G42=H42,,(G42&H42)) | G42: =if(Z42=PROSES!$E$29,T42,) | H42: =if(X42=PROSES!$E$29,T42,) | I42: =if(J42="",,AR42) | J42: =if(and($K$4>1,R42=PROSES!$C$2),,K42) | K42: =if(and($L$4>1,L42=PROSES!$B$2),,L42) | L42: =if(M42=N42,,(M42&N42)) | M42: =if(Z42=PROSES!$B$3,T42,) | N42: =if(X42=PROSES!$B$3,T42,) | O42: =P42&Q42 | P42: =if(Z42=PROSES!$B$1,T42,) | Q42: =if(X42=PROSES!$B$1,T42,) | R42: =X42&Z42 -> ASAHIMAS PWR PLANTASAHIMAS MRS | T42: ASHPP-ASMRS2 | U42: region1 | V42: region1 | W42: CAB-150kV-XLPE-CU 1400mm (1300A) | X42: ASAHIMAS PWR PLANT | Y42: II-5 | Z42: ASAHIMAS MRS | AA42: II-5 | AD42: 1 | AE42: 1 | AG42: 1.2 | AH42: 1 | AI42: Ground | AJ42: 0 | AM42: 0 | AN42: 0 | AO42: 100 | AP42: 1 | AQ42: 1.3 | AR42: 0.3051929 | AS42: 87.0926 | AT42: 0.01548 | AU42: 0.3048 | AV42: 0.19548 | AW42: 0.9144 | AX42: 0 | AY42: 0.6942272 | AZ42: -13.54318
A43: =COUNTA(C43:Q43)-1 -> 0 | B43: =if(C43="",,AR43) | C43: =if(and(D$4>1,E43=PROSES!$D$22),,D43) | D43: =if(and(F$4>1,F43=PROSES!$B$10),,F43) | E43: =if(F43="",,AR43) | F43: =if(G43=H43,,(G43&H43)) | G43: =if(Z43=PROSES!$E$29,T43,) | H43: =if(X43=PROSES!$E$29,T43,) | I43: =if(J43="",,AR43) | J43: =if(and($K$4>1,R43=PROSES!$C$2),,K43) | K43: =if(and($L$4>1,L43=PROSES!$B$2),,L43) | L43: =if(M43=N43,,(M43&N43)) | M43: =if(Z43=PROSES!$B$3,T43,) | N43: =if(X43=PROSES!$B$3,T43,) | O43: =P43&Q43 | P43: =if(Z43=PROSES!$B$1,T43,) | Q43: =if(X43=PROSES!$B$1,T43,) | R43: =X43&Z43 -> TANJUNG AWAR - AWARBABAT5 | T43: BABAT - T AWAR 1 | U43: region4 | V43: region4 | W43: OHL-150kV-TACSR 2X410/67mm2(2730A) | X43: TANJUNG AWAR - AWAR | Y43: 2 | Z43: BABAT5 | AA43: 5-I | AD43: 0 | AE43: 1 | AG43: 42.37 | AH43: 1 | AI43: Ground | AJ43: 0 | AM43: 0 | AN43: 0 | AO43: 100 | AP43: 1 | AQ43: 2.73 | AR43: 11.93037 | AS43: 82.244 | AT43: 1.61006 | AU43: 11.82123 | AV43: 7.11816 | AW43: 34.29851 | AX43: 0 | AY43: 0.6465942 | AZ43: -6.013103
A44: =COUNTA(C44:Q44)-1 -> 0 | B44: =if(C44="",,AR44) | C44: =if(and(D$4>1,E44=PROSES!$D$22),,D44) | D44: =if(and(F$4>1,F44=PROSES!$B$10),,F44) | E44: =if(F44="",,AR44) | F44: =if(G44=H44,,(G44&H44)) | G44: =if(Z44=PROSES!$E$29,T44,) | H44: =if(X44=PROSES!$E$29,T44,) | I44: =if(J44="",,AR44) | J44: =if(and($K$4>1,R44=PROSES!$C$2),,K44) | K44: =if(and($L$4>1,L44=PROSES!$B$2),,L44) | L44: =if(M44=N44,,(M44&N44)) | M44: =if(Z44=PROSES!$B$3,T44,) | N44: =if(X44=PROSES!$B$3,T44,) | O44: =P44&Q44 | P44: =if(Z44=PROSES!$B$1,T44,) | Q44: =if(X44=PROSES!$B$1,T44,) | R44: =X44&Z44 -> TANJUNG AWAR - AWARBABAT5 | T44: BABAT - T AWAR 2 | U44: region4 | V44: region4 | W44: OHL-150kV-TACSR 2X410/67mm2(2730A) | X44: TANJUNG AWAR - AWAR | Y44: 1 | Z44: BABAT5 | AA44: 5-II | AD44: 0 | AE44: 1 | AG44: 42.37 | AH44: 1 | AI44: Ground | AJ44: 0 | AM44: 0 | AN44: 0 | AO44: 100 | AP44: 1 | AQ44: 2.73 | AR44: 11.93037 | AS44: 82.244 | AT44: 1.61006 | AU44: 11.82123 | AV44: 7.11816 | AW44: 34.29851 | AX44: 0 | AY44: 0.6465942 | AZ44: -6.013103
A45: =COUNTA(C45:Q45)-1 -> 0 | B45: =if(C45="",,AR45) | C45: =if(and(D$4>1,E45=PROSES!$D$22),,D45) | D45: =if(and(F$4>1,F45=PROSES!$B$10),,F45) | E45: =if(F45="",,AR45) | F45: =if(G45=H45,,(G45&H45)) | G45: =if(Z45=PROSES!$E$29,T45,) | H45: =if(X45=PROSES!$E$29,T45,) | I45: =if(J45="",,AR45) | J45: =if(and($K$4>1,R45=PROSES!$C$2),,K45) | K45: =if(and($L$4>1,L45=PROSES!$B$2),,L45) | L45: =if(M45=N45,,(M45&N45)) | M45: =if(Z45=PROSES!$B$3,T45,) | N45: =if(X45=PROSES!$B$3,T45,) | O45: =P45&Q45 | P45: =if(Z45=PROSES!$B$1,T45,) | Q45: =if(X45=PROSES!$B$1,T45,) | R45: =X45&Z45 -> BABAT5BOJONEGORO5 | T45: BABAT-BJGRO 1 | U45: region4 | V45: region4 | W45: OHL-150kV-Hawk 240mm (645A) | X45: BABAT5 | Y45: 5-II | Z45: BOJONEGORO5 | AA45: 5-I | AD45: 0 | AE45: 1 | AG45: 35.3 | AH45: 1 | AI45: Ground | AJ45: 0 | AM45: 0 | AN45: 0 | AO45: 100 | AP45: 1 | AQ45: 0.645 | AR45: 14.82508 | AS45: 70.96105 | AT45: 4.8361 | AU45: 14.0141 | AV45: 10.1311 | AW45: 42.0423 | AX45: 0 | AY45: 0.6413451 | AZ45: 8.340887
A46: =COUNTA(C46:Q46)-1 -> 0 | B46: =if(C46="",,AR46) | C46: =if(and(D$4>1,E46=PROSES!$D$22),,D46) | D46: =if(and(F$4>1,F46=PROSES!$B$10),,F46) | E46: =if(F46="",,AR46) | F46: =if(G46=H46,,(G46&H46)) | G46: =if(Z46=PROSES!$E$29,T46,) | H46: =if(X46=PROSES!$E$29,T46,) | I46: =if(J46="",,AR46) | J46: =if(and($K$4>1,R46=PROSES!$C$2),,K46) | K46: =if(and($L$4>1,L46=PROSES!$B$2),,L46) | L46: =if(M46=N46,,(M46&N46)) | M46: =if(Z46=PROSES!$B$3,T46,) | N46: =if(X46=PROSES!$B$3,T46,) | O46: =P46&Q46 | P46: =if(Z46=PROSES!$B$1,T46,) | Q46: =if(X46=PROSES!$B$1,T46,) | R46: =X46&Z46 -> BABAT5BOJONEGORO5 | T46: BABAT-BJGRO 2 | U46: region4 | V46: region4 | W46: OHL-150kV-Hawk 240mm (645A) | X46: BABAT5 | Y46: 5-II | Z46: BOJONEGORO5 | AA46: 5-I | AD46: 0 | AE46: 1 | AG46: 35.3 | AH46: 1 | AI46: Ground | AJ46: 0 | AM46: 0 | AN46: 0 | AO46: 100 | AP46: 1 | AQ46: 0.645 | AR46: 14.82508 | AS46: 70.96105 | AT46: 4.8361 | AU46: 14.0141 | AV46: 10.1311 | AW46: 42.0423 | AX46: 0 | AY46: 0.6413451 | AZ46: 8.340887
A47: =COUNTA(C47:Q47)-1 -> 0 | B47: =if(C47="",,AR47) | C47: =if(and(D$4>1,E47=PROSES!$D$22),,D47) | D47: =if(and(F$4>1,F47=PROSES!$B$10),,F47) | E47: =if(F47="",,AR47) | F47: =if(G47=H47,,(G47&H47)) | G47: =if(Z47=PROSES!$E$29,T47,) | H47: =if(X47=PROSES!$E$29,T47,) | I47: =if(J47="",,AR47) | J47: =if(and($K$4>1,R47=PROSES!$C$2),,K47) | K47: =if(and($L$4>1,L47=PROSES!$B$2),,L47) | L47: =if(M47=N47,,(M47&N47)) | M47: =if(Z47=PROSES!$B$3,T47,) | N47: =if(X47=PROSES!$B$3,T47,) | O47: =P47&Q47 | P47: =if(Z47=PROSES!$B$1,T47,) | Q47: =if(X47=PROSES!$B$1,T47,) | R47: =X47&Z47 -> BANGKALAN5SAMPANG5 | T47: BANGKALAN - SAMPANG 1 | U47: region4 | V47: region4 | W47: OHL-150kV-HAWK 1x240(645A) | X47: BANGKALAN5 | Y47: 5-I | Z47: SAMPANG5 | AA47: 5-I | AD47: 0 | AE47: 1 | AG47: 55.369 | AH47: 1 | AI47: Ground | AJ47: 0 | AM47: 0 | AN47: 0 | AO47: 100 | AP47: 1 | AQ47: 0.645 | AR47: 23.25353 | AS47: 70.96105 | AT47: 7.585553 | AU47: 21.98149 | AV47: 15.8909 | AW47: 65.94448 | AX47: 0 | AY47: 0.6413451 | AZ47: 8.340887
A48: =COUNTA(C48:Q48)-1 -> 0 | B48: =if(C48="",,AR48) | C48: =if(and(D$4>1,E48=PROSES!$D$22),,D48) | D48: =if(and(F$4>1,F48=PROSES!$B$10),,F48) | E48: =if(F48="",,AR48) | F48: =if(G48=H48,,(G48&H48)) | G48: =if(Z48=PROSES!$E$29,T48,) | H48: =if(X48=PROSES!$E$29,T48,) | I48: =if(J48="",,AR48) | J48: =if(and($K$4>1,R48=PROSES!$C$2),,K48) | K48: =if(and($L$4>1,L48=PROSES!$B$2),,L48) | L48: =if(M48=N48,,(M48&N48)) | M48: =if(Z48=PROSES!$B$3,T48,) | N48: =if(X48=PROSES!$B$3,T48,) | O48: =P48&Q48 | P48: =if(Z48=PROSES!$B$1,T48,) | Q48: =if(X48=PROSES!$B$1,T48,) | R48: =X48&Z48 -> BANGKALAN5SAMPANG5 | T48: BANGKALAN - SAMPANG 2 | U48: region4 | V48: region4 | W48: OHL-150kV-HAWK 1x240(645A) | X48: BANGKALAN5 | Y48: 5-II | Z48: SAMPANG5 | AA48: 5-II | AD48: 0 | AE48: 1 | AG48: 55.369 | AH48: 1 | AI48: Ground | AJ48: 0 | AM48: 0 | AN48: 0 | AO48: 100 | AP48: 1 | AQ48: 0.645 | AR48: 23.25353 | AS48: 70.96105 | AT48: 7.585553 | AU48: 21.98149 | AV48: 15.8909 | AW48: 65.94448 | AX48: 0 | AY48: 0.6413451 | AZ48: 8.340887
A49: =COUNTA(C49:Q49)-1 -> 0 | B49: =if(C49="",,AR49) | C49: =if(and(D$4>1,E49=PROSES!$D$22),,D49) | D49: =if(and(F$4>1,F49=PROSES!$B$10),,F49) | E49: =if(F49="",,AR49) | F49: =if(G49=H49,,(G49&H49)) | G49: =if(Z49=PROSES!$E$29,T49,) | H49: =if(X49=PROSES!$E$29,T49,) | I49: =if(J49="",,AR49) | J49: =if(and($K$4>1,R49=PROSES!$C$2),,K49) | K49: =if(and($L$4>1,L49=PROSES!$B$2),,L49) | L49: =if(M49=N49,,(M49&N49)) | M49: =if(Z49=PROSES!$B$3,T49,) | N49: =if(X49=PROSES!$B$3,T49,) | O49: =P49&Q49 | P49: =if(Z49=PROSES!$B$1,T49,) | Q49: =if(X49=PROSES!$B$1,T49,) | R49: =X49&Z49 -> BANJAR5MAJENANG | T49: BANJAR-MAJENANG1 | U49: 500kV | V49: 500kV | W49: OHL-150kV-HAWK 1x281.1mm (580A) | X49: BANJAR5 | Y49: 5-I | Z49: MAJENANG | AA49: -1 | AD49: 0 | AE49: 1 | AG49: 22.88 | AH49: 1 | AI49: Ground | AJ49: 0 | AM49: 0 | AN49: 0 | AO49: 100 | AP49: 1 | AQ49: 0.58 | AR49: 9.600349 | AS49: 70.94324 | AT49: 3.13456 | AU49: 9.074208 | AV49: 6.56656 | AW49: 27.22262 | AX49: 0 | AY49: 0.6412987 | AZ49: 8.348166
A50: =COUNTA(C50:Q50)-1 -> 0 | B50: =if(C50="",,AR50) | C50: =if(and(D$4>1,E50=PROSES!$D$22),,D50) | D50: =if(and(F$4>1,F50=PROSES!$B$10),,F50) | E50: =if(F50="",,AR50) | F50: =if(G50=H50,,(G50&H50)) | G50: =if(Z50=PROSES!$E$29,T50,) | H50: =if(X50=PROSES!$E$29,T50,) | I50: =if(J50="",,AR50) | J50: =if(and($K$4>1,R50=PROSES!$C$2),,K50) | K50: =if(and($L$4>1,L50=PROSES!$B$2),,L50) | L50: =if(M50=N50,,(M50&N50)) | M50: =if(Z50=PROSES!$B$3,T50,) | N50: =if(X50=PROSES!$B$3,T50,) | O50: =P50&Q50 | P50: =if(Z50=PROSES!$B$1,T50,) | Q50: =if(X50=PROSES!$B$1,T50,) | R50: =X50&Z50 -> BANJAR5MAJENANG | T50: BANJAR-MAJENANG2 | U50: 500kV | V50: 500kV | W50: OHL-150kV-HAWK 1x281.1mm (580A) | X50: BANJAR5 | Y50: 5-II | Z50: MAJENANG | AA50: -2 | AD50: 0 | AE50: 1 | AG50: 22.88 | AH50: 1 | AI50: Ground | AJ50: 0 | AM50: 0 | AN50: 0 | AO50: 100 | AP50: 1 | AQ50: 0.58 | AR50: 9.600349 | AS50: 70.94324 | AT50: 3.13456 | AU50: 9.074208 | AV50: 6.56656 | AW50: 27.22262 | AX50: 0 | AY50: 0.6412987 | AZ50: 8.348166
A51: =COUNTA(C51:Q51)-1 -> 0 | B51: =if(C51="",,AR51) | C51: =if(and(D$4>1,E51=PROSES!$D$22),,D51) | D51: =if(and(F$4>1,F51=PROSES!$B$10),,F51) | E51: =if(F51="",,AR51) | F51: =if(G51=H51,,(G51&H51)) | G51: =if(Z51=PROSES!$E$29,T51,) | H51: =if(X51=PROSES!$E$29,T51,) | I51: =if(J51="",,AR51) | J51: =if(and($K$4>1,R51=PROSES!$C$2),,K51) | K51: =if(and($L$4>1,L51=PROSES!$B$2),,L51) | L51: =if(M51=N51,,(M51&N51)) | M51: =if(Z51=PROSES!$B$3,T51,) | N51: =if(X51=PROSES!$B$3,T51,) | O51: =P51&Q51 | P51: =if(Z51=PROSES!$B$1,T51,) | Q51: =if(X51=PROSES!$B$1,T51,) | R51: =X51&Z51 -> BANTULKLATEN | T51: BANTUL-KLATEN1 | U51: region3 | V51: region3 | W51: OHL-150kV-HAWK 1x281.1mm (580A) | X51: BANTUL | Y51: 2 | Z51: KLATEN | AA51: 1 | AD51: 0 | AE51: 1 | AG51: 34.765 | AH51: 1 | AI51: Ground | AJ51: 0 | AM51: 0 | AN51: 0 | AO51: 100 | AP51: 1 | AQ51: 0.58 | AR51: 14.58724 | AS51: 70.94324 | AT51: 4.762805 | AU51: 13.7878 | AV51: 9.977555 | AW51: 41.3634 | AX51: 0 | AY51: 0.6412987 | AZ51: 8.348166
A52: =COUNTA(C52:Q52)-1 -> 0 | B52: =if(C52="",,AR52) | C52: =if(and(D$4>1,E52=PROSES!$D$22),,D52) | D52: =if(and(F$4>1,F52=PROSES!$B$10),,F52) | E52: =if(F52="",,AR52) | F52: =if(G52=H52,,(G52&H52)) | G52: =if(Z52=PROSES!$E$29,T52,) | H52: =if(X52=PROSES!$E$29,T52,) | I52: =if(J52="",,AR52) | J52: =if(and($K$4>1,R52=PROSES!$C$2),,K52) | K52: =if(and($L$4>1,L52=PROSES!$B$2),,L52) | L52: =if(M52=N52,,(M52&N52)) | M52: =if(Z52=PROSES!$B$3,T52,) | N52: =if(X52=PROSES!$B$3,T52,) | O52: =P52&Q52 | P52: =if(Z52=PROSES!$B$1,T52,) | Q52: =if(X52=PROSES!$B$1,T52,) | R52: =X52&Z52 -> BANTULKLATEN | T52: BANTUL-KLATEN2 | U52: region3 | V52: region3 | W52: OHL-150kV-HAWK 1x281.1mm (580A) | X52: BANTUL | Y52: 1 | Z52: KLATEN | AA52: 2 | AD52: 0 | AE52: 1 | AG52: 34.765 | AH52: 1 | AI52: Ground | AJ52: 0 | AM52: 0 | AN52: 0 | AO52: 100 | AP52: 1 | AQ52: 0.58 | AR52: 14.58724 | AS52: 70.94324 | AT52: 4.762805 | AU52: 13.7878 | AV52: 9.977555 | AW52: 41.3634 | AX52: 0 | AY52: 0.6412987 | AZ52: 8.348166
A53: =COUNTA(C53:Q53)-1 -> 0 | B53: =if(C53="",,AR53) | C53: =if(and(D$4>1,E53=PROSES!$D$22),,D53) | D53: =if(and(F$4>1,F53=PROSES!$B$10),,F53) | E53: =if(F53="",,AR53) | F53: =if(G53=H53,,(G53&H53)) | G53: =if(Z53=PROSES!$E$29,T53,) | H53: =if(X53=PROSES!$E$29,T53,) | I53: =if(J53="",,AR53) | J53: =if(and($K$4>1,R53=PROSES!$C$2),,K53) | K53: =if(and($L$4>1,L53=PROSES!$B$2),,L53) | L53: =if(M53=N53,,(M53&N53)) | M53: =if(Z53=PROSES!$B$3,T53,) | N53: =if(X53=PROSES!$B$3,T53,) | O53: =P53&Q53 | P53: =if(Z53=PROSES!$B$1,T53,) | Q53: =if(X53=PROSES!$B$1,T53,) | R53: =X53&Z53 -> BANTULSEMANU | T53: BANTUL-SEMANU1 | U53: region3 | V53: region3 | W53: OHL-150kV-HAWK 1x281.1mm (580A) | X53: BANTUL | Y53: 2 | Z53: SEMANU | AA53: 1 | AD53: 0 | AE53: 1 | AG53: 39.043 | AH53: 1 | AI53: Ground | AJ53: 0 | AM53: 0 | AN53: 0 | AO53: 100 | AP53: 1 | AQ53: 0.58 | AR53: 16.38227 | AS53: 70.94324 | AT53: 5.348891 | AU53: 15.48445 | AV53: 11.20534 | AW53: 46.45336 | AX53: 0 | AY53: 0.6412987 | AZ53: 8.348166
A54: =COUNTA(C54:Q54)-1 -> 0 | B54: =if(C54="",,AR54) | C54: =if(and(D$4>1,E54=PROSES!$D$22),,D54) | D54: =if(and(F$4>1,F54=PROSES!$B$10),,F54) | E54: =if(F54="",,AR54) | F54: =if(G54=H54,,(G54&H54)) | G54: =if(Z54=PROSES!$E$29,T54,) | H54: =if(X54=PROSES!$E$29,T54,) | I54: =if(J54="",,AR54) | J54: =if(and($K$4>1,R54=PROSES!$C$2),,K54) | K54: =if(and($L$4>1,L54=PROSES!$B$2),,L54) | L54: =if(M54=N54,,(M54&N54)) | M54: =if(Z54=PROSES!$B$3,T54,) | N54: =if(X54=PROSES!$B$3,T54,) | O54: =P54&Q54 | P54: =if(Z54=PROSES!$B$1,T54,) | Q54: =if(X54=PROSES!$B$1,T54,) | R54: =X54&Z54 -> BANTULSEMANU | T54: BANTUL-SEMANU2 | U54: region3 | V54: region3 | W54: OHL-150kV-HAWK 1x281.1mm (580A) | X54: BANTUL | Y54: 1 | Z54: SEMANU | AA54: 2 | AD54: 0 | AE54: 1 | AG54: 39.043 | AH54: 1 | AI54: Ground | AJ54: 0 | AM54: 0 | AN54: 0 | AO54: 100 | AP54: 1 | AQ54: 0.58 | AR54: 16.38227 | AS54: 70.94324 | AT54: 5.348891 | AU54: 15.48445 | AV54: 11.20534 | AW54: 46.45336 | AX54: 0 | AY54: 0.6412987 | AZ54: 8.348166
A55: =COUNTA(C55:Q55)-1 -> 0 | B55: =if(C55="",,AR55) | C55: =if(and(D$4>1,E55=PROSES!$D$22),,D55) | D55: =if(and(F$4>1,F55=PROSES!$B$10),,F55) | E55: =if(F55="",,AR55) | F55: =if(G55=H55,,(G55&H55)) | G55: =if(Z55=PROSES!$E$29,T55,) | H55: =if(X55=PROSES!$E$29,T55,) | I55: =if(J55="",,AR55) | J55: =if(and($K$4>1,R55=PROSES!$C$2),,K55) | K55: =if(and($L$4>1,L55=PROSES!$B$2),,L55) | L55: =if(M55=N55,,(M55&N55)) | M55: =if(Z55=PROSES!$B$3,T55,) | N55: =if(X55=PROSES!$B$3,T55,) | O55: =P55&Q55 | P55: =if(Z55=PROSES!$B$1,T55,) | Q55: =if(X55=PROSES!$B$1,T55,) | R55: =X55&Z55 -> WATESBANTUL | T55: BANTUL-WATES 1 | U55: region3 | V55: region3 | W55: OHL-150kV-HAWK 1x281.1mm (580A) | X55: WATES | Y55: 1 | Z55: BANTUL | AA55: 1 | AD55: 0 | AE55: 1 | AG55: 31.644 | AH55: 1 | AI55: Ground | AJ55: 0 | AM55: 0 | AN55: 0 | AO55: 100 | AP55: 1 | AQ55: 0.58 | AR55: 13.27769 | AS55: 70.94324 | AT55: 4.335227 | AU55: 12.55001 | AV55: 9.081828 | AW55: 37.65003 | AX55: 0 | AY55: 0.6412987 | AZ55: 8.348166
A56: =COUNTA(C56:Q56)-1 -> 0 | B56: =if(C56="",,AR56) | C56: =if(and(D$4>1,E56=PROSES!$D$22),,D56) | D56: =if(and(F$4>1,F56=PROSES!$B$10),,F56) | E56: =if(F56="",,AR56) | F56: =if(G56=H56,,(G56&H56)) | G56: =if(Z56=PROSES!$E$29,T56,) | H56: =if(X56=PROSES!$E$29,T56,) | I56: =if(J56="",,AR56) | J56: =if(and($K$4>1,R56=PROSES!$C$2),,K56) | K56: =if(and($L$4>1,L56=PROSES!$B$2),,L56) | L56: =if(M56=N56,,(M56&N56)) | M56: =if(Z56=PROSES!$B$3,T56,) | N56: =if(X56=PROSES!$B$3,T56,) | O56: =P56&Q56 | P56: =if(Z56=PROSES!$B$1,T56,) | Q56: =if(X56=PROSES!$B$1,T56,) | R56: =X56&Z56 -> WATESBANTUL | T56: BANTUL-WATES 2 | U56: region3 | V56: region3 | W56: OHL-150kV-HAWK 1x281.1mm (580A) | X56: WATES | Y56: 2 | Z56: BANTUL | AA56: 2 | AD56: 0 | AE56: 1 | AG56: 31.644 | AH56: 1 | AI56: Ground | AJ56: 0 | AM56: 0 | AN56: 0 | AO56: 100 | AP56: 1 | AQ56: 0.58 | AR56: 13.27769 | AS56: 70.94324 | AT56: 4.335227 | AU56: 12.55001 | AV56: 9.081828 | AW56: 37.65003 | AX56: 0 | AY56: 0.6412987 | AZ56: 8.348166
A57: =COUNTA(C57:Q57)-1 -> 0 | B57: =if(C57="",,AR57) | C57: =if(and(D$4>1,E57=PROSES!$D$22),,D57) | D57: =if(and(F$4>1,F57=PROSES!$B$10),,F57) | E57: =if(F57="",,AR57) | F57: =if(G57=H57,,(G57&H57)) | G57: =if(Z57=PROSES!$E$29,T57,) | H57: =if(X57=PROSES!$E$29,T57,) | I57: =if(J57="",,AR57) | J57: =if(and($K$4>1,R57=PROSES!$C$2),,K57) | K57: =if(and($L$4>1,L57=PROSES!$B$2),,L57) | L57: =if(M57=N57,,(M57&N57)) | M57: =if(Z57=PROSES!$B$3,T57,) | N57: =if(X57=PROSES!$B$3,T57,) | O57: =P57&Q57 | P57: =if(Z57=PROSES!$B$1,T57,) | Q57: =if(X57=PROSES!$B$1,T57,) | R57: =X57&Z57 -> BANYUDONOJAJAR | T57: BANYUDONO-JAJAR | U57: region3 | V57: region3 | W57: OHL-150kV-HAWK 1x281.1mm (580A) | X57: BANYUDONO | Y57: - 3-I | Z57: JAJAR | AA57: 1 | AD57: 0 | AE57: 1 | AG57: 8.65 | AH57: 1 | AI57: Ground | AJ57: 0 | AM57: 0 | AN57: 0 | AO57: 100 | AP57: 1 | AQ57: 0.58 | AR57: 3.629503 | AS57: 70.94324 | AT57: 1.18505 | AU57: 3.43059 | AV57: 2.48255 | AW57: 10.29177 | AX57: 0 | AY57: 0.6412987 | AZ57: 8.348166
A58: =COUNTA(C58:Q58)-1 -> 0 | B58: =if(C58="",,AR58) | C58: =if(and(D$4>1,E58=PROSES!$D$22),,D58) | D58: =if(and(F$4>1,F58=PROSES!$B$10),,F58) | E58: =if(F58="",,AR58) | F58: =if(G58=H58,,(G58&H58)) | G58: =if(Z58=PROSES!$E$29,T58,) | H58: =if(X58=PROSES!$E$29,T58,) | I58: =if(J58="",,AR58) | J58: =if(and($K$4>1,R58=PROSES!$C$2),,K58) | K58: =if(and($L$4>1,L58=PROSES!$B$2),,L58) | L58: =if(M58=N58,,(M58&N58)) | M58: =if(Z58=PROSES!$B$3,T58,) | N58: =if(X58=PROSES!$B$3,T58,) | O58: =P58&Q58 | P58: =if(Z58=PROSES!$B$1,T58,) | Q58: =if(X58=PROSES!$B$1,T58,) | R58: =X58&Z58 -> BATANG NEW | T58: BATANG NEW - BATANG 1A | U58: region3 | V58: region3 | W58: OHL-150kV-TACSR 2X410mm (2730A) | X58: BATANG NEW | Y58: 1 | AA58: Terminal(11) | AD58: 0 | AE58: 1 | AG58: 1.03 | AH58: 1 | AI58: Ground | AJ58: 0 | AM58: 0 | AN58: 0 | AO58: 100 | AP58: 1 | AQ58: 2.73 | AR58: 0.2737214 | AS58: 76.21999 | AT58: 0.065199 | AU58: 0.265843 | AV58: 0.219699 | AW58: 0.797529 | AX58: 0 | AY58: 0.6742607 | AZ58: -2.423059
A59: =COUNTA(C59:Q59)-1 -> 0 | B59: =if(C59="",,AR59) | C59: =if(and(D$4>1,E59=PROSES!$D$22),,D59) | D59: =if(and(F$4>1,F59=PROSES!$B$10),,F59) | E59: =if(F59="",,AR59) | F59: =if(G59=H59,,(G59&H59)) | G59: =if(Z59=PROSES!$E$29,T59,) | H59: =if(X59=PROSES!$E$29,T59,) | I59: =if(J59="",,AR59) | J59: =if(and($K$4>1,R59=PROSES!$C$2),,K59) | K59: =if(and($L$4>1,L59=PROSES!$B$2),,L59) | L59: =if(M59=N59,,(M59&N59)) | M59: =if(Z59=PROSES!$B$3,T59,) | N59: =if(X59=PROSES!$B$3,T59,) | O59: =P59&Q59 | P59: =if(Z59=PROSES!$B$1,T59,) | Q59: =if(X59=PROSES!$B$1,T59,) | R59: =X59&Z59 -> BATANG | T59: BATANG NEW - BATANG 1B | U59: region3 | V59: region3 | W59: OHL-150kV-HAWK 1x281.1mm (580A) | Y59: Terminal(11) | Z59: BATANG | AA59: 1 | AD59: 0 | AE59: 1 | AG59: 3.82 | AH59: 1 | AI59: Ground | AJ59: 0 | AM59: 0 | AN59: 0 | AO59: 100 | AP59: 1 | AQ59: 0.58 | AR59: 1.602856 | AS59: 70.94324 | AT59: 0.52334 | AU59: 1.515012 | AV59: 1.09634 | AW59: 4.545036 | AX59: 0 | AY59: 0.6412987 | AZ59: 8.348166
A60: =COUNTA(C60:Q60)-1 -> 0 | B60: =if(C60="",,AR60) | C60: =if(and(D$4>1,E60=PROSES!$D$22),,D60) | D60: =if(and(F$4>1,F60=PROSES!$B$10),,F60) | E60: =if(F60="",,AR60) | F60: =if(G60=H60,,(G60&H60)) | G60: =if(Z60=PROSES!$E$29,T60,) | H60: =if(X60=PROSES!$E$29,T60,) | I60: =if(J60="",,AR60) | J60: =if(and($K$4>1,R60=PROSES!$C$2),,K60) | K60: =if(and($L$4>1,L60=PROSES!$B$2),,L60) | L60: =if(M60=N60,,(M60&N60)) | M60: =if(Z60=PROSES!$B$3,T60,) | N60: =if(X60=PROSES!$B$3,T60,) | O60: =P60&Q60 | P60: =if(Z60=PROSES!$B$1,T60,) | Q60: =if(X60=PROSES!$B$1,T60,) | R60: =X60&Z60 -> BATANG NEW | T60: BATANG NEW - BATANG 2A | U60: region3 | V60: region3 | W60: OHL-150kV-TACSR 2X410mm (2730A) | X60: BATANG NEW | Y60: 2 | AA60: Terminal(13) | AD60: 0 | AE60: 1 | AG60: 1.03 | AH60: 1 | AI60: Ground | AJ60: 0 | AM60: 0 | AN60: 0 | AO60: 100 | AP60: 1 | AQ60: 2.73 | AR60: 0.2737214 | AS60: 76.21999 | AT60: 0.065199 | AU60: 0.265843 | AV60: 0.219699 | AW60: 0.797529 | AX60: 0 | AY60: 0.6742607 | AZ60: -2.423059
A61: =COUNTA(C61:Q61)-1 -> 0 | B61: =if(C61="",,AR61) | C61: =if(and(D$4>1,E61=PROSES!$D$22),,D61) | D61: =if(and(F$4>1,F61=PROSES!$B$10),,F61) | E61: =if(F61="",,AR61) | F61: =if(G61=H61,,(G61&H61)) | G61: =if(Z61=PROSES!$E$29,T61,) | H61: =if(X61=PROSES!$E$29,T61,) | I61: =if(J61="",,AR61) | J61: =if(and($K$4>1,R61=PROSES!$C$2),,K61) | K61: =if(and($L$4>1,L61=PROSES!$B$2),,L61) | L61: =if(M61=N61,,(M61&N61)) | M61: =if(Z61=PROSES!$B$3,T61,) | N61: =if(X61=PROSES!$B$3,T61,) | O61: =P61&Q61 | P61: =if(Z61=PROSES!$B$1,T61,) | Q61: =if(X61=PROSES!$B$1,T61,) | R61: =X61&Z61 -> BATANG | T61: BATANG NEW - BATANG 2B | U61: region3 | V61: region3 | W61: OHL-150kV-HAWK 1x281.1mm (580A) | X61: BATANG | Y61: 1 | AA61: Terminal(13) | AD61: 0 | AE61: 1 | AG61: 3.82 | AH61: 1 | AI61: Ground | AJ61: 0 | AM61: 0 | AN61: 0 | AO61: 100 | AP61: 1 | AQ61: 0.58 | AR61: 1.602856 | AS61: 70.94324 | AT61: 0.52334 | AU61: 1.515012 | AV61: 1.09634 | AW61: 4.545036 | AX61: 0 | AY61: 0.6412987 | AZ61: 8.348166
